"","sigma2_ksi_true","sigma2_theta_true","covars","n_views","r","features_per_view","scenario_id","train_seed"
"1",0,0,FALSE,4,6,150,1,1
"2",0.75,0,FALSE,4,6,150,2,1
"3",1.5,0,FALSE,4,6,150,3,1
"4",0,0.75,FALSE,4,6,150,4,1
"5",0.75,0.75,FALSE,4,6,150,5,1
"6",1.5,0.75,FALSE,4,6,150,6,1
"7",0,1.5,FALSE,4,6,150,7,1
"8",0.75,1.5,FALSE,4,6,150,8,1
"9",1.5,1.5,FALSE,4,6,150,9,1
"10",0,0,FALSE,4,6,150,1,2
"11",0.75,0,FALSE,4,6,150,2,2
"12",1.5,0,FALSE,4,6,150,3,2
"13",0,0.75,FALSE,4,6,150,4,2
"14",0.75,0.75,FALSE,4,6,150,5,2
"15",1.5,0.75,FALSE,4,6,150,6,2
"16",0,1.5,FALSE,4,6,150,7,2
"17",0.75,1.5,FALSE,4,6,150,8,2
"18",1.5,1.5,FALSE,4,6,150,9,2
"19",0,0,FALSE,4,6,150,1,3
"20",0.75,0,FALSE,4,6,150,2,3
"21",1.5,0,FALSE,4,6,150,3,3
"22",0,0.75,FALSE,4,6,150,4,3
"23",0.75,0.75,FALSE,4,6,150,5,3
"24",1.5,0.75,FALSE,4,6,150,6,3
"25",0,1.5,FALSE,4,6,150,7,3
"26",0.75,1.5,FALSE,4,6,150,8,3
"27",1.5,1.5,FALSE,4,6,150,9,3
"28",0,0,FALSE,4,6,150,1,4
"29",0.75,0,FALSE,4,6,150,2,4
"30",1.5,0,FALSE,4,6,150,3,4
"31",0,0.75,FALSE,4,6,150,4,4
"32",0.75,0.75,FALSE,4,6,150,5,4
"33",1.5,0.75,FALSE,4,6,150,6,4
"34",0,1.5,FALSE,4,6,150,7,4
"35",0.75,1.5,FALSE,4,6,150,8,4
"36",1.5,1.5,FALSE,4,6,150,9,4
"37",0,0,FALSE,4,6,150,1,5
"38",0.75,0,FALSE,4,6,150,2,5
"39",1.5,0,FALSE,4,6,150,3,5
"40",0,0.75,FALSE,4,6,150,4,5
"41",0.75,0.75,FALSE,4,6,150,5,5
"42",1.5,0.75,FALSE,4,6,150,6,5
"43",0,1.5,FALSE,4,6,150,7,5
"44",0.75,1.5,FALSE,4,6,150,8,5
"45",1.5,1.5,FALSE,4,6,150,9,5
"46",0,0,FALSE,4,6,150,1,6
"47",0.75,0,FALSE,4,6,150,2,6
"48",1.5,0,FALSE,4,6,150,3,6
"49",0,0.75,FALSE,4,6,150,4,6
"50",0.75,0.75,FALSE,4,6,150,5,6
"51",1.5,0.75,FALSE,4,6,150,6,6
"52",0,1.5,FALSE,4,6,150,7,6
"53",0.75,1.5,FALSE,4,6,150,8,6
"54",1.5,1.5,FALSE,4,6,150,9,6
"55",0,0,FALSE,4,6,150,1,7
"56",0.75,0,FALSE,4,6,150,2,7
"57",1.5,0,FALSE,4,6,150,3,7
"58",0,0.75,FALSE,4,6,150,4,7
"59",0.75,0.75,FALSE,4,6,150,5,7
"60",1.5,0.75,FALSE,4,6,150,6,7
"61",0,1.5,FALSE,4,6,150,7,7
"62",0.75,1.5,FALSE,4,6,150,8,7
"63",1.5,1.5,FALSE,4,6,150,9,7
"64",0,0,FALSE,4,6,150,1,8
"65",0.75,0,FALSE,4,6,150,2,8
"66",1.5,0,FALSE,4,6,150,3,8
"67",0,0.75,FALSE,4,6,150,4,8
"68",0.75,0.75,FALSE,4,6,150,5,8
"69",1.5,0.75,FALSE,4,6,150,6,8
"70",0,1.5,FALSE,4,6,150,7,8
"71",0.75,1.5,FALSE,4,6,150,8,8
"72",1.5,1.5,FALSE,4,6,150,9,8
"73",0,0,FALSE,4,6,150,1,9
"74",0.75,0,FALSE,4,6,150,2,9
"75",1.5,0,FALSE,4,6,150,3,9
"76",0,0.75,FALSE,4,6,150,4,9
"77",0.75,0.75,FALSE,4,6,150,5,9
"78",1.5,0.75,FALSE,4,6,150,6,9
"79",0,1.5,FALSE,4,6,150,7,9
"80",0.75,1.5,FALSE,4,6,150,8,9
"81",1.5,1.5,FALSE,4,6,150,9,9
"82",0,0,FALSE,4,6,150,1,10
"83",0.75,0,FALSE,4,6,150,2,10
"84",1.5,0,FALSE,4,6,150,3,10
"85",0,0.75,FALSE,4,6,150,4,10
"86",0.75,0.75,FALSE,4,6,150,5,10
"87",1.5,0.75,FALSE,4,6,150,6,10
"88",0,1.5,FALSE,4,6,150,7,10
"89",0.75,1.5,FALSE,4,6,150,8,10
"90",1.5,1.5,FALSE,4,6,150,9,10
"91",0,0,FALSE,4,6,150,1,11
"92",0.75,0,FALSE,4,6,150,2,11
"93",1.5,0,FALSE,4,6,150,3,11
"94",0,0.75,FALSE,4,6,150,4,11
"95",0.75,0.75,FALSE,4,6,150,5,11
"96",1.5,0.75,FALSE,4,6,150,6,11
"97",0,1.5,FALSE,4,6,150,7,11
"98",0.75,1.5,FALSE,4,6,150,8,11
"99",1.5,1.5,FALSE,4,6,150,9,11
"100",0,0,FALSE,4,6,150,1,12
"101",0.75,0,FALSE,4,6,150,2,12
"102",1.5,0,FALSE,4,6,150,3,12
"103",0,0.75,FALSE,4,6,150,4,12
"104",0.75,0.75,FALSE,4,6,150,5,12
"105",1.5,0.75,FALSE,4,6,150,6,12
"106",0,1.5,FALSE,4,6,150,7,12
"107",0.75,1.5,FALSE,4,6,150,8,12
"108",1.5,1.5,FALSE,4,6,150,9,12
"109",0,0,FALSE,4,6,150,1,13
"110",0.75,0,FALSE,4,6,150,2,13
"111",1.5,0,FALSE,4,6,150,3,13
"112",0,0.75,FALSE,4,6,150,4,13
"113",0.75,0.75,FALSE,4,6,150,5,13
"114",1.5,0.75,FALSE,4,6,150,6,13
"115",0,1.5,FALSE,4,6,150,7,13
"116",0.75,1.5,FALSE,4,6,150,8,13
"117",1.5,1.5,FALSE,4,6,150,9,13
"118",0,0,FALSE,4,6,150,1,14
"119",0.75,0,FALSE,4,6,150,2,14
"120",1.5,0,FALSE,4,6,150,3,14
"121",0,0.75,FALSE,4,6,150,4,14
"122",0.75,0.75,FALSE,4,6,150,5,14
"123",1.5,0.75,FALSE,4,6,150,6,14
"124",0,1.5,FALSE,4,6,150,7,14
"125",0.75,1.5,FALSE,4,6,150,8,14
"126",1.5,1.5,FALSE,4,6,150,9,14
"127",0,0,FALSE,4,6,150,1,15
"128",0.75,0,FALSE,4,6,150,2,15
"129",1.5,0,FALSE,4,6,150,3,15
"130",0,0.75,FALSE,4,6,150,4,15
"131",0.75,0.75,FALSE,4,6,150,5,15
"132",1.5,0.75,FALSE,4,6,150,6,15
"133",0,1.5,FALSE,4,6,150,7,15
"134",0.75,1.5,FALSE,4,6,150,8,15
"135",1.5,1.5,FALSE,4,6,150,9,15
"136",0,0,FALSE,4,6,150,1,16
"137",0.75,0,FALSE,4,6,150,2,16
"138",1.5,0,FALSE,4,6,150,3,16
"139",0,0.75,FALSE,4,6,150,4,16
"140",0.75,0.75,FALSE,4,6,150,5,16
"141",1.5,0.75,FALSE,4,6,150,6,16
"142",0,1.5,FALSE,4,6,150,7,16
"143",0.75,1.5,FALSE,4,6,150,8,16
"144",1.5,1.5,FALSE,4,6,150,9,16
"145",0,0,FALSE,4,6,150,1,17
"146",0.75,0,FALSE,4,6,150,2,17
"147",1.5,0,FALSE,4,6,150,3,17
"148",0,0.75,FALSE,4,6,150,4,17
"149",0.75,0.75,FALSE,4,6,150,5,17
"150",1.5,0.75,FALSE,4,6,150,6,17
"151",0,1.5,FALSE,4,6,150,7,17
"152",0.75,1.5,FALSE,4,6,150,8,17
"153",1.5,1.5,FALSE,4,6,150,9,17
"154",0,0,FALSE,4,6,150,1,18
"155",0.75,0,FALSE,4,6,150,2,18
"156",1.5,0,FALSE,4,6,150,3,18
"157",0,0.75,FALSE,4,6,150,4,18
"158",0.75,0.75,FALSE,4,6,150,5,18
"159",1.5,0.75,FALSE,4,6,150,6,18
"160",0,1.5,FALSE,4,6,150,7,18
"161",0.75,1.5,FALSE,4,6,150,8,18
"162",1.5,1.5,FALSE,4,6,150,9,18
"163",0,0,FALSE,4,6,150,1,19
"164",0.75,0,FALSE,4,6,150,2,19
"165",1.5,0,FALSE,4,6,150,3,19
"166",0,0.75,FALSE,4,6,150,4,19
"167",0.75,0.75,FALSE,4,6,150,5,19
"168",1.5,0.75,FALSE,4,6,150,6,19
"169",0,1.5,FALSE,4,6,150,7,19
"170",0.75,1.5,FALSE,4,6,150,8,19
"171",1.5,1.5,FALSE,4,6,150,9,19
"172",0,0,FALSE,4,6,150,1,20
"173",0.75,0,FALSE,4,6,150,2,20
"174",1.5,0,FALSE,4,6,150,3,20
"175",0,0.75,FALSE,4,6,150,4,20
"176",0.75,0.75,FALSE,4,6,150,5,20
"177",1.5,0.75,FALSE,4,6,150,6,20
"178",0,1.5,FALSE,4,6,150,7,20
"179",0.75,1.5,FALSE,4,6,150,8,20
"180",1.5,1.5,FALSE,4,6,150,9,20
"181",0,0,FALSE,4,6,150,1,21
"182",0.75,0,FALSE,4,6,150,2,21
"183",1.5,0,FALSE,4,6,150,3,21
"184",0,0.75,FALSE,4,6,150,4,21
"185",0.75,0.75,FALSE,4,6,150,5,21
"186",1.5,0.75,FALSE,4,6,150,6,21
"187",0,1.5,FALSE,4,6,150,7,21
"188",0.75,1.5,FALSE,4,6,150,8,21
"189",1.5,1.5,FALSE,4,6,150,9,21
"190",0,0,FALSE,4,6,150,1,22
"191",0.75,0,FALSE,4,6,150,2,22
"192",1.5,0,FALSE,4,6,150,3,22
"193",0,0.75,FALSE,4,6,150,4,22
"194",0.75,0.75,FALSE,4,6,150,5,22
"195",1.5,0.75,FALSE,4,6,150,6,22
"196",0,1.5,FALSE,4,6,150,7,22
"197",0.75,1.5,FALSE,4,6,150,8,22
"198",1.5,1.5,FALSE,4,6,150,9,22
"199",0,0,FALSE,4,6,150,1,23
"200",0.75,0,FALSE,4,6,150,2,23
"201",1.5,0,FALSE,4,6,150,3,23
"202",0,0.75,FALSE,4,6,150,4,23
"203",0.75,0.75,FALSE,4,6,150,5,23
"204",1.5,0.75,FALSE,4,6,150,6,23
"205",0,1.5,FALSE,4,6,150,7,23
"206",0.75,1.5,FALSE,4,6,150,8,23
"207",1.5,1.5,FALSE,4,6,150,9,23
"208",0,0,FALSE,4,6,150,1,24
"209",0.75,0,FALSE,4,6,150,2,24
"210",1.5,0,FALSE,4,6,150,3,24
"211",0,0.75,FALSE,4,6,150,4,24
"212",0.75,0.75,FALSE,4,6,150,5,24
"213",1.5,0.75,FALSE,4,6,150,6,24
"214",0,1.5,FALSE,4,6,150,7,24
"215",0.75,1.5,FALSE,4,6,150,8,24
"216",1.5,1.5,FALSE,4,6,150,9,24
"217",0,0,FALSE,4,6,150,1,25
"218",0.75,0,FALSE,4,6,150,2,25
"219",1.5,0,FALSE,4,6,150,3,25
"220",0,0.75,FALSE,4,6,150,4,25
"221",0.75,0.75,FALSE,4,6,150,5,25
"222",1.5,0.75,FALSE,4,6,150,6,25
"223",0,1.5,FALSE,4,6,150,7,25
"224",0.75,1.5,FALSE,4,6,150,8,25
"225",1.5,1.5,FALSE,4,6,150,9,25
"226",0,0,FALSE,4,6,150,1,26
"227",0.75,0,FALSE,4,6,150,2,26
"228",1.5,0,FALSE,4,6,150,3,26
"229",0,0.75,FALSE,4,6,150,4,26
"230",0.75,0.75,FALSE,4,6,150,5,26
"231",1.5,0.75,FALSE,4,6,150,6,26
"232",0,1.5,FALSE,4,6,150,7,26
"233",0.75,1.5,FALSE,4,6,150,8,26
"234",1.5,1.5,FALSE,4,6,150,9,26
"235",0,0,FALSE,4,6,150,1,27
"236",0.75,0,FALSE,4,6,150,2,27
"237",1.5,0,FALSE,4,6,150,3,27
"238",0,0.75,FALSE,4,6,150,4,27
"239",0.75,0.75,FALSE,4,6,150,5,27
"240",1.5,0.75,FALSE,4,6,150,6,27
"241",0,1.5,FALSE,4,6,150,7,27
"242",0.75,1.5,FALSE,4,6,150,8,27
"243",1.5,1.5,FALSE,4,6,150,9,27
"244",0,0,FALSE,4,6,150,1,28
"245",0.75,0,FALSE,4,6,150,2,28
"246",1.5,0,FALSE,4,6,150,3,28
"247",0,0.75,FALSE,4,6,150,4,28
"248",0.75,0.75,FALSE,4,6,150,5,28
"249",1.5,0.75,FALSE,4,6,150,6,28
"250",0,1.5,FALSE,4,6,150,7,28
"251",0.75,1.5,FALSE,4,6,150,8,28
"252",1.5,1.5,FALSE,4,6,150,9,28
"253",0,0,FALSE,4,6,150,1,29
"254",0.75,0,FALSE,4,6,150,2,29
"255",1.5,0,FALSE,4,6,150,3,29
"256",0,0.75,FALSE,4,6,150,4,29
"257",0.75,0.75,FALSE,4,6,150,5,29
"258",1.5,0.75,FALSE,4,6,150,6,29
"259",0,1.5,FALSE,4,6,150,7,29
"260",0.75,1.5,FALSE,4,6,150,8,29
"261",1.5,1.5,FALSE,4,6,150,9,29
"262",0,0,FALSE,4,6,150,1,30
"263",0.75,0,FALSE,4,6,150,2,30
"264",1.5,0,FALSE,4,6,150,3,30
"265",0,0.75,FALSE,4,6,150,4,30
"266",0.75,0.75,FALSE,4,6,150,5,30
"267",1.5,0.75,FALSE,4,6,150,6,30
"268",0,1.5,FALSE,4,6,150,7,30
"269",0.75,1.5,FALSE,4,6,150,8,30
"270",1.5,1.5,FALSE,4,6,150,9,30
"271",0,0,FALSE,4,6,150,1,31
"272",0.75,0,FALSE,4,6,150,2,31
"273",1.5,0,FALSE,4,6,150,3,31
"274",0,0.75,FALSE,4,6,150,4,31
"275",0.75,0.75,FALSE,4,6,150,5,31
"276",1.5,0.75,FALSE,4,6,150,6,31
"277",0,1.5,FALSE,4,6,150,7,31
"278",0.75,1.5,FALSE,4,6,150,8,31
"279",1.5,1.5,FALSE,4,6,150,9,31
"280",0,0,FALSE,4,6,150,1,32
"281",0.75,0,FALSE,4,6,150,2,32
"282",1.5,0,FALSE,4,6,150,3,32
"283",0,0.75,FALSE,4,6,150,4,32
"284",0.75,0.75,FALSE,4,6,150,5,32
"285",1.5,0.75,FALSE,4,6,150,6,32
"286",0,1.5,FALSE,4,6,150,7,32
"287",0.75,1.5,FALSE,4,6,150,8,32
"288",1.5,1.5,FALSE,4,6,150,9,32
"289",0,0,FALSE,4,6,150,1,33
"290",0.75,0,FALSE,4,6,150,2,33
"291",1.5,0,FALSE,4,6,150,3,33
"292",0,0.75,FALSE,4,6,150,4,33
"293",0.75,0.75,FALSE,4,6,150,5,33
"294",1.5,0.75,FALSE,4,6,150,6,33
"295",0,1.5,FALSE,4,6,150,7,33
"296",0.75,1.5,FALSE,4,6,150,8,33
"297",1.5,1.5,FALSE,4,6,150,9,33
"298",0,0,FALSE,4,6,150,1,34
"299",0.75,0,FALSE,4,6,150,2,34
"300",1.5,0,FALSE,4,6,150,3,34
"301",0,0.75,FALSE,4,6,150,4,34
"302",0.75,0.75,FALSE,4,6,150,5,34
"303",1.5,0.75,FALSE,4,6,150,6,34
"304",0,1.5,FALSE,4,6,150,7,34
"305",0.75,1.5,FALSE,4,6,150,8,34
"306",1.5,1.5,FALSE,4,6,150,9,34
"307",0,0,FALSE,4,6,150,1,35
"308",0.75,0,FALSE,4,6,150,2,35
"309",1.5,0,FALSE,4,6,150,3,35
"310",0,0.75,FALSE,4,6,150,4,35
"311",0.75,0.75,FALSE,4,6,150,5,35
"312",1.5,0.75,FALSE,4,6,150,6,35
"313",0,1.5,FALSE,4,6,150,7,35
"314",0.75,1.5,FALSE,4,6,150,8,35
"315",1.5,1.5,FALSE,4,6,150,9,35
"316",0,0,FALSE,4,6,150,1,36
"317",0.75,0,FALSE,4,6,150,2,36
"318",1.5,0,FALSE,4,6,150,3,36
"319",0,0.75,FALSE,4,6,150,4,36
"320",0.75,0.75,FALSE,4,6,150,5,36
"321",1.5,0.75,FALSE,4,6,150,6,36
"322",0,1.5,FALSE,4,6,150,7,36
"323",0.75,1.5,FALSE,4,6,150,8,36
"324",1.5,1.5,FALSE,4,6,150,9,36
"325",0,0,FALSE,4,6,150,1,37
"326",0.75,0,FALSE,4,6,150,2,37
"327",1.5,0,FALSE,4,6,150,3,37
"328",0,0.75,FALSE,4,6,150,4,37
"329",0.75,0.75,FALSE,4,6,150,5,37
"330",1.5,0.75,FALSE,4,6,150,6,37
"331",0,1.5,FALSE,4,6,150,7,37
"332",0.75,1.5,FALSE,4,6,150,8,37
"333",1.5,1.5,FALSE,4,6,150,9,37
"334",0,0,FALSE,4,6,150,1,38
"335",0.75,0,FALSE,4,6,150,2,38
"336",1.5,0,FALSE,4,6,150,3,38
"337",0,0.75,FALSE,4,6,150,4,38
"338",0.75,0.75,FALSE,4,6,150,5,38
"339",1.5,0.75,FALSE,4,6,150,6,38
"340",0,1.5,FALSE,4,6,150,7,38
"341",0.75,1.5,FALSE,4,6,150,8,38
"342",1.5,1.5,FALSE,4,6,150,9,38
"343",0,0,FALSE,4,6,150,1,39
"344",0.75,0,FALSE,4,6,150,2,39
"345",1.5,0,FALSE,4,6,150,3,39
"346",0,0.75,FALSE,4,6,150,4,39
"347",0.75,0.75,FALSE,4,6,150,5,39
"348",1.5,0.75,FALSE,4,6,150,6,39
"349",0,1.5,FALSE,4,6,150,7,39
"350",0.75,1.5,FALSE,4,6,150,8,39
"351",1.5,1.5,FALSE,4,6,150,9,39
"352",0,0,FALSE,4,6,150,1,40
"353",0.75,0,FALSE,4,6,150,2,40
"354",1.5,0,FALSE,4,6,150,3,40
"355",0,0.75,FALSE,4,6,150,4,40
"356",0.75,0.75,FALSE,4,6,150,5,40
"357",1.5,0.75,FALSE,4,6,150,6,40
"358",0,1.5,FALSE,4,6,150,7,40
"359",0.75,1.5,FALSE,4,6,150,8,40
"360",1.5,1.5,FALSE,4,6,150,9,40
"361",0,0,FALSE,4,6,150,1,41
"362",0.75,0,FALSE,4,6,150,2,41
"363",1.5,0,FALSE,4,6,150,3,41
"364",0,0.75,FALSE,4,6,150,4,41
"365",0.75,0.75,FALSE,4,6,150,5,41
"366",1.5,0.75,FALSE,4,6,150,6,41
"367",0,1.5,FALSE,4,6,150,7,41
"368",0.75,1.5,FALSE,4,6,150,8,41
"369",1.5,1.5,FALSE,4,6,150,9,41
"370",0,0,FALSE,4,6,150,1,42
"371",0.75,0,FALSE,4,6,150,2,42
"372",1.5,0,FALSE,4,6,150,3,42
"373",0,0.75,FALSE,4,6,150,4,42
"374",0.75,0.75,FALSE,4,6,150,5,42
"375",1.5,0.75,FALSE,4,6,150,6,42
"376",0,1.5,FALSE,4,6,150,7,42
"377",0.75,1.5,FALSE,4,6,150,8,42
"378",1.5,1.5,FALSE,4,6,150,9,42
"379",0,0,FALSE,4,6,150,1,43
"380",0.75,0,FALSE,4,6,150,2,43
"381",1.5,0,FALSE,4,6,150,3,43
"382",0,0.75,FALSE,4,6,150,4,43
"383",0.75,0.75,FALSE,4,6,150,5,43
"384",1.5,0.75,FALSE,4,6,150,6,43
"385",0,1.5,FALSE,4,6,150,7,43
"386",0.75,1.5,FALSE,4,6,150,8,43
"387",1.5,1.5,FALSE,4,6,150,9,43
"388",0,0,FALSE,4,6,150,1,44
"389",0.75,0,FALSE,4,6,150,2,44
"390",1.5,0,FALSE,4,6,150,3,44
"391",0,0.75,FALSE,4,6,150,4,44
"392",0.75,0.75,FALSE,4,6,150,5,44
"393",1.5,0.75,FALSE,4,6,150,6,44
"394",0,1.5,FALSE,4,6,150,7,44
"395",0.75,1.5,FALSE,4,6,150,8,44
"396",1.5,1.5,FALSE,4,6,150,9,44
"397",0,0,FALSE,4,6,150,1,45
"398",0.75,0,FALSE,4,6,150,2,45
"399",1.5,0,FALSE,4,6,150,3,45
"400",0,0.75,FALSE,4,6,150,4,45
"401",0.75,0.75,FALSE,4,6,150,5,45
"402",1.5,0.75,FALSE,4,6,150,6,45
"403",0,1.5,FALSE,4,6,150,7,45
"404",0.75,1.5,FALSE,4,6,150,8,45
"405",1.5,1.5,FALSE,4,6,150,9,45
"406",0,0,FALSE,4,6,150,1,46
"407",0.75,0,FALSE,4,6,150,2,46
"408",1.5,0,FALSE,4,6,150,3,46
"409",0,0.75,FALSE,4,6,150,4,46
"410",0.75,0.75,FALSE,4,6,150,5,46
"411",1.5,0.75,FALSE,4,6,150,6,46
"412",0,1.5,FALSE,4,6,150,7,46
"413",0.75,1.5,FALSE,4,6,150,8,46
"414",1.5,1.5,FALSE,4,6,150,9,46
"415",0,0,FALSE,4,6,150,1,47
"416",0.75,0,FALSE,4,6,150,2,47
"417",1.5,0,FALSE,4,6,150,3,47
"418",0,0.75,FALSE,4,6,150,4,47
"419",0.75,0.75,FALSE,4,6,150,5,47
"420",1.5,0.75,FALSE,4,6,150,6,47
"421",0,1.5,FALSE,4,6,150,7,47
"422",0.75,1.5,FALSE,4,6,150,8,47
"423",1.5,1.5,FALSE,4,6,150,9,47
"424",0,0,FALSE,4,6,150,1,48
"425",0.75,0,FALSE,4,6,150,2,48
"426",1.5,0,FALSE,4,6,150,3,48
"427",0,0.75,FALSE,4,6,150,4,48
"428",0.75,0.75,FALSE,4,6,150,5,48
"429",1.5,0.75,FALSE,4,6,150,6,48
"430",0,1.5,FALSE,4,6,150,7,48
"431",0.75,1.5,FALSE,4,6,150,8,48
"432",1.5,1.5,FALSE,4,6,150,9,48
"433",0,0,FALSE,4,6,150,1,49
"434",0.75,0,FALSE,4,6,150,2,49
"435",1.5,0,FALSE,4,6,150,3,49
"436",0,0.75,FALSE,4,6,150,4,49
"437",0.75,0.75,FALSE,4,6,150,5,49
"438",1.5,0.75,FALSE,4,6,150,6,49
"439",0,1.5,FALSE,4,6,150,7,49
"440",0.75,1.5,FALSE,4,6,150,8,49
"441",1.5,1.5,FALSE,4,6,150,9,49
"442",0,0,FALSE,4,6,150,1,50
"443",0.75,0,FALSE,4,6,150,2,50
"444",1.5,0,FALSE,4,6,150,3,50
"445",0,0.75,FALSE,4,6,150,4,50
"446",0.75,0.75,FALSE,4,6,150,5,50
"447",1.5,0.75,FALSE,4,6,150,6,50
"448",0,1.5,FALSE,4,6,150,7,50
"449",0.75,1.5,FALSE,4,6,150,8,50
"450",1.5,1.5,FALSE,4,6,150,9,50
"451",0,0,FALSE,4,6,150,1,51
"452",0.75,0,FALSE,4,6,150,2,51
"453",1.5,0,FALSE,4,6,150,3,51
"454",0,0.75,FALSE,4,6,150,4,51
"455",0.75,0.75,FALSE,4,6,150,5,51
"456",1.5,0.75,FALSE,4,6,150,6,51
"457",0,1.5,FALSE,4,6,150,7,51
"458",0.75,1.5,FALSE,4,6,150,8,51
"459",1.5,1.5,FALSE,4,6,150,9,51
"460",0,0,FALSE,4,6,150,1,52
"461",0.75,0,FALSE,4,6,150,2,52
"462",1.5,0,FALSE,4,6,150,3,52
"463",0,0.75,FALSE,4,6,150,4,52
"464",0.75,0.75,FALSE,4,6,150,5,52
"465",1.5,0.75,FALSE,4,6,150,6,52
"466",0,1.5,FALSE,4,6,150,7,52
"467",0.75,1.5,FALSE,4,6,150,8,52
"468",1.5,1.5,FALSE,4,6,150,9,52
"469",0,0,FALSE,4,6,150,1,53
"470",0.75,0,FALSE,4,6,150,2,53
"471",1.5,0,FALSE,4,6,150,3,53
"472",0,0.75,FALSE,4,6,150,4,53
"473",0.75,0.75,FALSE,4,6,150,5,53
"474",1.5,0.75,FALSE,4,6,150,6,53
"475",0,1.5,FALSE,4,6,150,7,53
"476",0.75,1.5,FALSE,4,6,150,8,53
"477",1.5,1.5,FALSE,4,6,150,9,53
"478",0,0,FALSE,4,6,150,1,54
"479",0.75,0,FALSE,4,6,150,2,54
"480",1.5,0,FALSE,4,6,150,3,54
"481",0,0.75,FALSE,4,6,150,4,54
"482",0.75,0.75,FALSE,4,6,150,5,54
"483",1.5,0.75,FALSE,4,6,150,6,54
"484",0,1.5,FALSE,4,6,150,7,54
"485",0.75,1.5,FALSE,4,6,150,8,54
"486",1.5,1.5,FALSE,4,6,150,9,54
"487",0,0,FALSE,4,6,150,1,55
"488",0.75,0,FALSE,4,6,150,2,55
"489",1.5,0,FALSE,4,6,150,3,55
"490",0,0.75,FALSE,4,6,150,4,55
"491",0.75,0.75,FALSE,4,6,150,5,55
"492",1.5,0.75,FALSE,4,6,150,6,55
"493",0,1.5,FALSE,4,6,150,7,55
"494",0.75,1.5,FALSE,4,6,150,8,55
"495",1.5,1.5,FALSE,4,6,150,9,55
"496",0,0,FALSE,4,6,150,1,56
"497",0.75,0,FALSE,4,6,150,2,56
"498",1.5,0,FALSE,4,6,150,3,56
"499",0,0.75,FALSE,4,6,150,4,56
"500",0.75,0.75,FALSE,4,6,150,5,56
"501",1.5,0.75,FALSE,4,6,150,6,56
"502",0,1.5,FALSE,4,6,150,7,56
"503",0.75,1.5,FALSE,4,6,150,8,56
"504",1.5,1.5,FALSE,4,6,150,9,56
"505",0,0,FALSE,4,6,150,1,57
"506",0.75,0,FALSE,4,6,150,2,57
"507",1.5,0,FALSE,4,6,150,3,57
"508",0,0.75,FALSE,4,6,150,4,57
"509",0.75,0.75,FALSE,4,6,150,5,57
"510",1.5,0.75,FALSE,4,6,150,6,57
"511",0,1.5,FALSE,4,6,150,7,57
"512",0.75,1.5,FALSE,4,6,150,8,57
"513",1.5,1.5,FALSE,4,6,150,9,57
"514",0,0,FALSE,4,6,150,1,58
"515",0.75,0,FALSE,4,6,150,2,58
"516",1.5,0,FALSE,4,6,150,3,58
"517",0,0.75,FALSE,4,6,150,4,58
"518",0.75,0.75,FALSE,4,6,150,5,58
"519",1.5,0.75,FALSE,4,6,150,6,58
"520",0,1.5,FALSE,4,6,150,7,58
"521",0.75,1.5,FALSE,4,6,150,8,58
"522",1.5,1.5,FALSE,4,6,150,9,58
"523",0,0,FALSE,4,6,150,1,59
"524",0.75,0,FALSE,4,6,150,2,59
"525",1.5,0,FALSE,4,6,150,3,59
"526",0,0.75,FALSE,4,6,150,4,59
"527",0.75,0.75,FALSE,4,6,150,5,59
"528",1.5,0.75,FALSE,4,6,150,6,59
"529",0,1.5,FALSE,4,6,150,7,59
"530",0.75,1.5,FALSE,4,6,150,8,59
"531",1.5,1.5,FALSE,4,6,150,9,59
"532",0,0,FALSE,4,6,150,1,60
"533",0.75,0,FALSE,4,6,150,2,60
"534",1.5,0,FALSE,4,6,150,3,60
"535",0,0.75,FALSE,4,6,150,4,60
"536",0.75,0.75,FALSE,4,6,150,5,60
"537",1.5,0.75,FALSE,4,6,150,6,60
"538",0,1.5,FALSE,4,6,150,7,60
"539",0.75,1.5,FALSE,4,6,150,8,60
"540",1.5,1.5,FALSE,4,6,150,9,60
"541",0,0,FALSE,4,6,150,1,61
"542",0.75,0,FALSE,4,6,150,2,61
"543",1.5,0,FALSE,4,6,150,3,61
"544",0,0.75,FALSE,4,6,150,4,61
"545",0.75,0.75,FALSE,4,6,150,5,61
"546",1.5,0.75,FALSE,4,6,150,6,61
"547",0,1.5,FALSE,4,6,150,7,61
"548",0.75,1.5,FALSE,4,6,150,8,61
"549",1.5,1.5,FALSE,4,6,150,9,61
"550",0,0,FALSE,4,6,150,1,62
"551",0.75,0,FALSE,4,6,150,2,62
"552",1.5,0,FALSE,4,6,150,3,62
"553",0,0.75,FALSE,4,6,150,4,62
"554",0.75,0.75,FALSE,4,6,150,5,62
"555",1.5,0.75,FALSE,4,6,150,6,62
"556",0,1.5,FALSE,4,6,150,7,62
"557",0.75,1.5,FALSE,4,6,150,8,62
"558",1.5,1.5,FALSE,4,6,150,9,62
"559",0,0,FALSE,4,6,150,1,63
"560",0.75,0,FALSE,4,6,150,2,63
"561",1.5,0,FALSE,4,6,150,3,63
"562",0,0.75,FALSE,4,6,150,4,63
"563",0.75,0.75,FALSE,4,6,150,5,63
"564",1.5,0.75,FALSE,4,6,150,6,63
"565",0,1.5,FALSE,4,6,150,7,63
"566",0.75,1.5,FALSE,4,6,150,8,63
"567",1.5,1.5,FALSE,4,6,150,9,63
"568",0,0,FALSE,4,6,150,1,64
"569",0.75,0,FALSE,4,6,150,2,64
"570",1.5,0,FALSE,4,6,150,3,64
"571",0,0.75,FALSE,4,6,150,4,64
"572",0.75,0.75,FALSE,4,6,150,5,64
"573",1.5,0.75,FALSE,4,6,150,6,64
"574",0,1.5,FALSE,4,6,150,7,64
"575",0.75,1.5,FALSE,4,6,150,8,64
"576",1.5,1.5,FALSE,4,6,150,9,64
"577",0,0,FALSE,4,6,150,1,65
"578",0.75,0,FALSE,4,6,150,2,65
"579",1.5,0,FALSE,4,6,150,3,65
"580",0,0.75,FALSE,4,6,150,4,65
"581",0.75,0.75,FALSE,4,6,150,5,65
"582",1.5,0.75,FALSE,4,6,150,6,65
"583",0,1.5,FALSE,4,6,150,7,65
"584",0.75,1.5,FALSE,4,6,150,8,65
"585",1.5,1.5,FALSE,4,6,150,9,65
"586",0,0,FALSE,4,6,150,1,66
"587",0.75,0,FALSE,4,6,150,2,66
"588",1.5,0,FALSE,4,6,150,3,66
"589",0,0.75,FALSE,4,6,150,4,66
"590",0.75,0.75,FALSE,4,6,150,5,66
"591",1.5,0.75,FALSE,4,6,150,6,66
"592",0,1.5,FALSE,4,6,150,7,66
"593",0.75,1.5,FALSE,4,6,150,8,66
"594",1.5,1.5,FALSE,4,6,150,9,66
"595",0,0,FALSE,4,6,150,1,67
"596",0.75,0,FALSE,4,6,150,2,67
"597",1.5,0,FALSE,4,6,150,3,67
"598",0,0.75,FALSE,4,6,150,4,67
"599",0.75,0.75,FALSE,4,6,150,5,67
"600",1.5,0.75,FALSE,4,6,150,6,67
"601",0,1.5,FALSE,4,6,150,7,67
"602",0.75,1.5,FALSE,4,6,150,8,67
"603",1.5,1.5,FALSE,4,6,150,9,67
"604",0,0,FALSE,4,6,150,1,68
"605",0.75,0,FALSE,4,6,150,2,68
"606",1.5,0,FALSE,4,6,150,3,68
"607",0,0.75,FALSE,4,6,150,4,68
"608",0.75,0.75,FALSE,4,6,150,5,68
"609",1.5,0.75,FALSE,4,6,150,6,68
"610",0,1.5,FALSE,4,6,150,7,68
"611",0.75,1.5,FALSE,4,6,150,8,68
"612",1.5,1.5,FALSE,4,6,150,9,68
"613",0,0,FALSE,4,6,150,1,69
"614",0.75,0,FALSE,4,6,150,2,69
"615",1.5,0,FALSE,4,6,150,3,69
"616",0,0.75,FALSE,4,6,150,4,69
"617",0.75,0.75,FALSE,4,6,150,5,69
"618",1.5,0.75,FALSE,4,6,150,6,69
"619",0,1.5,FALSE,4,6,150,7,69
"620",0.75,1.5,FALSE,4,6,150,8,69
"621",1.5,1.5,FALSE,4,6,150,9,69
"622",0,0,FALSE,4,6,150,1,70
"623",0.75,0,FALSE,4,6,150,2,70
"624",1.5,0,FALSE,4,6,150,3,70
"625",0,0.75,FALSE,4,6,150,4,70
"626",0.75,0.75,FALSE,4,6,150,5,70
"627",1.5,0.75,FALSE,4,6,150,6,70
"628",0,1.5,FALSE,4,6,150,7,70
"629",0.75,1.5,FALSE,4,6,150,8,70
"630",1.5,1.5,FALSE,4,6,150,9,70
"631",0,0,FALSE,4,6,150,1,71
"632",0.75,0,FALSE,4,6,150,2,71
"633",1.5,0,FALSE,4,6,150,3,71
"634",0,0.75,FALSE,4,6,150,4,71
"635",0.75,0.75,FALSE,4,6,150,5,71
"636",1.5,0.75,FALSE,4,6,150,6,71
"637",0,1.5,FALSE,4,6,150,7,71
"638",0.75,1.5,FALSE,4,6,150,8,71
"639",1.5,1.5,FALSE,4,6,150,9,71
"640",0,0,FALSE,4,6,150,1,72
"641",0.75,0,FALSE,4,6,150,2,72
"642",1.5,0,FALSE,4,6,150,3,72
"643",0,0.75,FALSE,4,6,150,4,72
"644",0.75,0.75,FALSE,4,6,150,5,72
"645",1.5,0.75,FALSE,4,6,150,6,72
"646",0,1.5,FALSE,4,6,150,7,72
"647",0.75,1.5,FALSE,4,6,150,8,72
"648",1.5,1.5,FALSE,4,6,150,9,72
"649",0,0,FALSE,4,6,150,1,73
"650",0.75,0,FALSE,4,6,150,2,73
"651",1.5,0,FALSE,4,6,150,3,73
"652",0,0.75,FALSE,4,6,150,4,73
"653",0.75,0.75,FALSE,4,6,150,5,73
"654",1.5,0.75,FALSE,4,6,150,6,73
"655",0,1.5,FALSE,4,6,150,7,73
"656",0.75,1.5,FALSE,4,6,150,8,73
"657",1.5,1.5,FALSE,4,6,150,9,73
"658",0,0,FALSE,4,6,150,1,74
"659",0.75,0,FALSE,4,6,150,2,74
"660",1.5,0,FALSE,4,6,150,3,74
"661",0,0.75,FALSE,4,6,150,4,74
"662",0.75,0.75,FALSE,4,6,150,5,74
"663",1.5,0.75,FALSE,4,6,150,6,74
"664",0,1.5,FALSE,4,6,150,7,74
"665",0.75,1.5,FALSE,4,6,150,8,74
"666",1.5,1.5,FALSE,4,6,150,9,74
"667",0,0,FALSE,4,6,150,1,75
"668",0.75,0,FALSE,4,6,150,2,75
"669",1.5,0,FALSE,4,6,150,3,75
"670",0,0.75,FALSE,4,6,150,4,75
"671",0.75,0.75,FALSE,4,6,150,5,75
"672",1.5,0.75,FALSE,4,6,150,6,75
"673",0,1.5,FALSE,4,6,150,7,75
"674",0.75,1.5,FALSE,4,6,150,8,75
"675",1.5,1.5,FALSE,4,6,150,9,75
"676",0,0,FALSE,4,6,150,1,76
"677",0.75,0,FALSE,4,6,150,2,76
"678",1.5,0,FALSE,4,6,150,3,76
"679",0,0.75,FALSE,4,6,150,4,76
"680",0.75,0.75,FALSE,4,6,150,5,76
"681",1.5,0.75,FALSE,4,6,150,6,76
"682",0,1.5,FALSE,4,6,150,7,76
"683",0.75,1.5,FALSE,4,6,150,8,76
"684",1.5,1.5,FALSE,4,6,150,9,76
"685",0,0,FALSE,4,6,150,1,77
"686",0.75,0,FALSE,4,6,150,2,77
"687",1.5,0,FALSE,4,6,150,3,77
"688",0,0.75,FALSE,4,6,150,4,77
"689",0.75,0.75,FALSE,4,6,150,5,77
"690",1.5,0.75,FALSE,4,6,150,6,77
"691",0,1.5,FALSE,4,6,150,7,77
"692",0.75,1.5,FALSE,4,6,150,8,77
"693",1.5,1.5,FALSE,4,6,150,9,77
"694",0,0,FALSE,4,6,150,1,78
"695",0.75,0,FALSE,4,6,150,2,78
"696",1.5,0,FALSE,4,6,150,3,78
"697",0,0.75,FALSE,4,6,150,4,78
"698",0.75,0.75,FALSE,4,6,150,5,78
"699",1.5,0.75,FALSE,4,6,150,6,78
"700",0,1.5,FALSE,4,6,150,7,78
"701",0.75,1.5,FALSE,4,6,150,8,78
"702",1.5,1.5,FALSE,4,6,150,9,78
"703",0,0,FALSE,4,6,150,1,79
"704",0.75,0,FALSE,4,6,150,2,79
"705",1.5,0,FALSE,4,6,150,3,79
"706",0,0.75,FALSE,4,6,150,4,79
"707",0.75,0.75,FALSE,4,6,150,5,79
"708",1.5,0.75,FALSE,4,6,150,6,79
"709",0,1.5,FALSE,4,6,150,7,79
"710",0.75,1.5,FALSE,4,6,150,8,79
"711",1.5,1.5,FALSE,4,6,150,9,79
"712",0,0,FALSE,4,6,150,1,80
"713",0.75,0,FALSE,4,6,150,2,80
"714",1.5,0,FALSE,4,6,150,3,80
"715",0,0.75,FALSE,4,6,150,4,80
"716",0.75,0.75,FALSE,4,6,150,5,80
"717",1.5,0.75,FALSE,4,6,150,6,80
"718",0,1.5,FALSE,4,6,150,7,80
"719",0.75,1.5,FALSE,4,6,150,8,80
"720",1.5,1.5,FALSE,4,6,150,9,80
"721",0,0,FALSE,4,6,150,1,81
"722",0.75,0,FALSE,4,6,150,2,81
"723",1.5,0,FALSE,4,6,150,3,81
"724",0,0.75,FALSE,4,6,150,4,81
"725",0.75,0.75,FALSE,4,6,150,5,81
"726",1.5,0.75,FALSE,4,6,150,6,81
"727",0,1.5,FALSE,4,6,150,7,81
"728",0.75,1.5,FALSE,4,6,150,8,81
"729",1.5,1.5,FALSE,4,6,150,9,81
"730",0,0,FALSE,4,6,150,1,82
"731",0.75,0,FALSE,4,6,150,2,82
"732",1.5,0,FALSE,4,6,150,3,82
"733",0,0.75,FALSE,4,6,150,4,82
"734",0.75,0.75,FALSE,4,6,150,5,82
"735",1.5,0.75,FALSE,4,6,150,6,82
"736",0,1.5,FALSE,4,6,150,7,82
"737",0.75,1.5,FALSE,4,6,150,8,82
"738",1.5,1.5,FALSE,4,6,150,9,82
"739",0,0,FALSE,4,6,150,1,83
"740",0.75,0,FALSE,4,6,150,2,83
"741",1.5,0,FALSE,4,6,150,3,83
"742",0,0.75,FALSE,4,6,150,4,83
"743",0.75,0.75,FALSE,4,6,150,5,83
"744",1.5,0.75,FALSE,4,6,150,6,83
"745",0,1.5,FALSE,4,6,150,7,83
"746",0.75,1.5,FALSE,4,6,150,8,83
"747",1.5,1.5,FALSE,4,6,150,9,83
"748",0,0,FALSE,4,6,150,1,84
"749",0.75,0,FALSE,4,6,150,2,84
"750",1.5,0,FALSE,4,6,150,3,84
"751",0,0.75,FALSE,4,6,150,4,84
"752",0.75,0.75,FALSE,4,6,150,5,84
"753",1.5,0.75,FALSE,4,6,150,6,84
"754",0,1.5,FALSE,4,6,150,7,84
"755",0.75,1.5,FALSE,4,6,150,8,84
"756",1.5,1.5,FALSE,4,6,150,9,84
"757",0,0,FALSE,4,6,150,1,85
"758",0.75,0,FALSE,4,6,150,2,85
"759",1.5,0,FALSE,4,6,150,3,85
"760",0,0.75,FALSE,4,6,150,4,85
"761",0.75,0.75,FALSE,4,6,150,5,85
"762",1.5,0.75,FALSE,4,6,150,6,85
"763",0,1.5,FALSE,4,6,150,7,85
"764",0.75,1.5,FALSE,4,6,150,8,85
"765",1.5,1.5,FALSE,4,6,150,9,85
"766",0,0,FALSE,4,6,150,1,86
"767",0.75,0,FALSE,4,6,150,2,86
"768",1.5,0,FALSE,4,6,150,3,86
"769",0,0.75,FALSE,4,6,150,4,86
"770",0.75,0.75,FALSE,4,6,150,5,86
"771",1.5,0.75,FALSE,4,6,150,6,86
"772",0,1.5,FALSE,4,6,150,7,86
"773",0.75,1.5,FALSE,4,6,150,8,86
"774",1.5,1.5,FALSE,4,6,150,9,86
"775",0,0,FALSE,4,6,150,1,87
"776",0.75,0,FALSE,4,6,150,2,87
"777",1.5,0,FALSE,4,6,150,3,87
"778",0,0.75,FALSE,4,6,150,4,87
"779",0.75,0.75,FALSE,4,6,150,5,87
"780",1.5,0.75,FALSE,4,6,150,6,87
"781",0,1.5,FALSE,4,6,150,7,87
"782",0.75,1.5,FALSE,4,6,150,8,87
"783",1.5,1.5,FALSE,4,6,150,9,87
"784",0,0,FALSE,4,6,150,1,88
"785",0.75,0,FALSE,4,6,150,2,88
"786",1.5,0,FALSE,4,6,150,3,88
"787",0,0.75,FALSE,4,6,150,4,88
"788",0.75,0.75,FALSE,4,6,150,5,88
"789",1.5,0.75,FALSE,4,6,150,6,88
"790",0,1.5,FALSE,4,6,150,7,88
"791",0.75,1.5,FALSE,4,6,150,8,88
"792",1.5,1.5,FALSE,4,6,150,9,88
"793",0,0,FALSE,4,6,150,1,89
"794",0.75,0,FALSE,4,6,150,2,89
"795",1.5,0,FALSE,4,6,150,3,89
"796",0,0.75,FALSE,4,6,150,4,89
"797",0.75,0.75,FALSE,4,6,150,5,89
"798",1.5,0.75,FALSE,4,6,150,6,89
"799",0,1.5,FALSE,4,6,150,7,89
"800",0.75,1.5,FALSE,4,6,150,8,89
"801",1.5,1.5,FALSE,4,6,150,9,89
"802",0,0,FALSE,4,6,150,1,90
"803",0.75,0,FALSE,4,6,150,2,90
"804",1.5,0,FALSE,4,6,150,3,90
"805",0,0.75,FALSE,4,6,150,4,90
"806",0.75,0.75,FALSE,4,6,150,5,90
"807",1.5,0.75,FALSE,4,6,150,6,90
"808",0,1.5,FALSE,4,6,150,7,90
"809",0.75,1.5,FALSE,4,6,150,8,90
"810",1.5,1.5,FALSE,4,6,150,9,90
"811",0,0,FALSE,4,6,150,1,91
"812",0.75,0,FALSE,4,6,150,2,91
"813",1.5,0,FALSE,4,6,150,3,91
"814",0,0.75,FALSE,4,6,150,4,91
"815",0.75,0.75,FALSE,4,6,150,5,91
"816",1.5,0.75,FALSE,4,6,150,6,91
"817",0,1.5,FALSE,4,6,150,7,91
"818",0.75,1.5,FALSE,4,6,150,8,91
"819",1.5,1.5,FALSE,4,6,150,9,91
"820",0,0,FALSE,4,6,150,1,92
"821",0.75,0,FALSE,4,6,150,2,92
"822",1.5,0,FALSE,4,6,150,3,92
"823",0,0.75,FALSE,4,6,150,4,92
"824",0.75,0.75,FALSE,4,6,150,5,92
"825",1.5,0.75,FALSE,4,6,150,6,92
"826",0,1.5,FALSE,4,6,150,7,92
"827",0.75,1.5,FALSE,4,6,150,8,92
"828",1.5,1.5,FALSE,4,6,150,9,92
"829",0,0,FALSE,4,6,150,1,93
"830",0.75,0,FALSE,4,6,150,2,93
"831",1.5,0,FALSE,4,6,150,3,93
"832",0,0.75,FALSE,4,6,150,4,93
"833",0.75,0.75,FALSE,4,6,150,5,93
"834",1.5,0.75,FALSE,4,6,150,6,93
"835",0,1.5,FALSE,4,6,150,7,93
"836",0.75,1.5,FALSE,4,6,150,8,93
"837",1.5,1.5,FALSE,4,6,150,9,93
"838",0,0,FALSE,4,6,150,1,94
"839",0.75,0,FALSE,4,6,150,2,94
"840",1.5,0,FALSE,4,6,150,3,94
"841",0,0.75,FALSE,4,6,150,4,94
"842",0.75,0.75,FALSE,4,6,150,5,94
"843",1.5,0.75,FALSE,4,6,150,6,94
"844",0,1.5,FALSE,4,6,150,7,94
"845",0.75,1.5,FALSE,4,6,150,8,94
"846",1.5,1.5,FALSE,4,6,150,9,94
"847",0,0,FALSE,4,6,150,1,95
"848",0.75,0,FALSE,4,6,150,2,95
"849",1.5,0,FALSE,4,6,150,3,95
"850",0,0.75,FALSE,4,6,150,4,95
"851",0.75,0.75,FALSE,4,6,150,5,95
"852",1.5,0.75,FALSE,4,6,150,6,95
"853",0,1.5,FALSE,4,6,150,7,95
"854",0.75,1.5,FALSE,4,6,150,8,95
"855",1.5,1.5,FALSE,4,6,150,9,95
"856",0,0,FALSE,4,6,150,1,96
"857",0.75,0,FALSE,4,6,150,2,96
"858",1.5,0,FALSE,4,6,150,3,96
"859",0,0.75,FALSE,4,6,150,4,96
"860",0.75,0.75,FALSE,4,6,150,5,96
"861",1.5,0.75,FALSE,4,6,150,6,96
"862",0,1.5,FALSE,4,6,150,7,96
"863",0.75,1.5,FALSE,4,6,150,8,96
"864",1.5,1.5,FALSE,4,6,150,9,96
"865",0,0,FALSE,4,6,150,1,97
"866",0.75,0,FALSE,4,6,150,2,97
"867",1.5,0,FALSE,4,6,150,3,97
"868",0,0.75,FALSE,4,6,150,4,97
"869",0.75,0.75,FALSE,4,6,150,5,97
"870",1.5,0.75,FALSE,4,6,150,6,97
"871",0,1.5,FALSE,4,6,150,7,97
"872",0.75,1.5,FALSE,4,6,150,8,97
"873",1.5,1.5,FALSE,4,6,150,9,97
"874",0,0,FALSE,4,6,150,1,98
"875",0.75,0,FALSE,4,6,150,2,98
"876",1.5,0,FALSE,4,6,150,3,98
"877",0,0.75,FALSE,4,6,150,4,98
"878",0.75,0.75,FALSE,4,6,150,5,98
"879",1.5,0.75,FALSE,4,6,150,6,98
"880",0,1.5,FALSE,4,6,150,7,98
"881",0.75,1.5,FALSE,4,6,150,8,98
"882",1.5,1.5,FALSE,4,6,150,9,98
"883",0,0,FALSE,4,6,150,1,99
"884",0.75,0,FALSE,4,6,150,2,99
"885",1.5,0,FALSE,4,6,150,3,99
"886",0,0.75,FALSE,4,6,150,4,99
"887",0.75,0.75,FALSE,4,6,150,5,99
"888",1.5,0.75,FALSE,4,6,150,6,99
"889",0,1.5,FALSE,4,6,150,7,99
"890",0.75,1.5,FALSE,4,6,150,8,99
"891",1.5,1.5,FALSE,4,6,150,9,99
"892",0,0,FALSE,4,6,150,1,100
"893",0.75,0,FALSE,4,6,150,2,100
"894",1.5,0,FALSE,4,6,150,3,100
"895",0,0.75,FALSE,4,6,150,4,100
"896",0.75,0.75,FALSE,4,6,150,5,100
"897",1.5,0.75,FALSE,4,6,150,6,100
"898",0,1.5,FALSE,4,6,150,7,100
"899",0.75,1.5,FALSE,4,6,150,8,100
"900",1.5,1.5,FALSE,4,6,150,9,100
