"Y_true","y_preds","MSPE"
5,4.65024576078873,1.01023230753255
3,3.75640643854548,1.01023230753255
4,3.46119084002241,1.01023230753255
1,1.22729192167294,1.01023230753255
3,3.49222857006443,1.01023230753255
2,2.26783501533168,1.01023230753255
6,6.65325767947138,1.01023230753255
0,-0.12270866097738,1.01023230753255
0,-0.41367651359212,1.01023230753255
3,0.356851047971022,1.01023230753255
1,0.907058981520528,1.01023230753255
5,5.43028469635999,1.01023230753255
8,8.53539884086815,1.01023230753255
7,6.44472164868675,1.01023230753255
0,1.77950290977515,1.01023230753255
5,5.28642441962882,1.01023230753255
1,1.12631585845889,1.01023230753255
3,4.27226677946852,1.01023230753255
16,15.2815337786807,1.01023230753255
0,-0.450338623924712,1.01023230753255
5,7.39745248004976,1.01023230753255
0,0.011129187220888,1.01023230753255
5,6.63356842140831,1.01023230753255
1,-0.438506644914523,1.01023230753255
2,1.8094831979571,1.01023230753255
8,8.37842390363683,1.01023230753255
10,10.3000385452058,1.01023230753255
2,0.994363740489163,1.01023230753255
5,5.01925927462537,1.01023230753255
4,2.92257934688802,1.01023230753255
2,2.71270332524428,1.01023230753255
0,1.08477508986065,1.01023230753255
4,1.77501230351259,1.01023230753255
1,2.23569346230014,1.01023230753255
13,11.7589555031915,1.01023230753255
7,7.45476926898263,1.01023230753255
6,6.65990263814261,1.01023230753255
4,3.80011017189857,1.01023230753255
10,9.35488604314021,1.01023230753255
9,9.16532102124205,1.01023230753255
2,2.43881870071445,1.01023230753255
2,2.8833028199487,1.01023230753255
3,0.947663016098047,1.01023230753255
2,0.363620731940975,1.01023230753255
0,1.43040234118818,1.01023230753255
1,2.04662884711155,1.01023230753255
6,6.43528894890768,1.01023230753255
9,9.71517840711106,1.01023230753255
7,7.917174917641,1.01023230753255
0,-2.66092279846568,1.01023230753255
3,4.11027709663882,1.01023230753255
0,-0.484987596562325,1.01023230753255
1,1.2306168306312,1.01023230753255
2,1.70484219911642,1.01023230753255
7,7.87196495407874,1.01023230753255
0,-0.348472448955611,1.01023230753255
4,4.51850376588825,1.01023230753255
6,5.60931502136102,1.01023230753255
0,-1.09278720910151,1.01023230753255
10,11.2100105104403,1.01023230753255
0,0.740900011274274,1.01023230753255
29,30.7242622391565,1.01023230753255
9,9.0651539325793,1.01023230753255
7,8.12500274582817,1.01023230753255
0,1.97541905401908,1.01023230753255
1,0.718517884961033,1.01023230753255
1,-0.322951112755215,1.01023230753255
0,-0.239351567138116,1.01023230753255
8,7.78595876001462,1.01023230753255
9,9.15168050450932,1.01023230753255
14,15.7123049773193,1.01023230753255
4,3.67385610749465,1.01023230753255
5,5.37300465580492,1.01023230753255
1,0.772315935104469,1.01023230753255
5,5.02045070852503,1.01023230753255
5,5.31405766350626,1.01023230753255
0,1.32821469603699,1.01023230753255
4,4.12131837749078,1.01023230753255
2,2.71284232003111,1.01023230753255
9,9.77886002978353,1.01023230753255
4,4.91477327085563,1.01023230753255
0,-0.574394552184383,1.01023230753255
0,1.62688121419468,1.01023230753255
3,2.61904326070599,1.01023230753255
0,-0.105784167649752,1.01023230753255
4,5.40405026771417,1.01023230753255
3,4.29408390614558,1.01023230753255
5,3.91000812758876,1.01023230753255
1,0.126928999582537,1.01023230753255
1,-0.358079059370614,1.01023230753255
0,0.181847192619832,1.01023230753255
1,1.16484086791847,1.01023230753255
5,5.36411468735506,1.01023230753255
3,3.55215771421856,1.01023230753255
2,1.39810715401498,1.01023230753255
2,1.00630140890129,1.01023230753255
2,3.0267850560749,1.01023230753255
4,4.75106130260632,1.01023230753255
0,-1.5091665373287,1.01023230753255
5,4.90485254915071,1.01023230753255
8,7.1040521772435,1.01023230753255
1,-1.07075107054196,1.01023230753255
27,27.1501201311881,1.01023230753255
6,5.92078829074141,1.01023230753255
9,8.90263073248692,1.01023230753255
10,10.2161525418012,1.01023230753255
1,1.88246516439659,1.01023230753255
0,0.205597504483387,1.01023230753255
4,3.38356415712647,1.01023230753255
3,2.26520074807872,1.01023230753255
4,3.86819720695882,1.01023230753255
0,0.310016986578952,1.01023230753255
16,14.960319647298,1.01023230753255
0,-0.184308868842384,1.01023230753255
2,2.96726726016791,1.01023230753255
0,-0.108280091234486,1.01023230753255
0,-0.69842066759439,1.01023230753255
11,10.7240548315745,1.01023230753255
3,4.11464854536198,1.01023230753255
3,3.55004396121414,1.01023230753255
3,4.23667580008161,1.01023230753255
3,3.13909785716177,1.01023230753255
5,5.41027509649042,1.01023230753255
4,3.44154308765187,1.01023230753255
10,10.6053706689303,1.01023230753255
2,1.49366645781076,1.01023230753255
9,7.57943449530426,1.01023230753255
6,6.12799296568413,1.01023230753255
0,1.94585121773144,1.01023230753255
0,0.800914339573062,1.01023230753255
0,1.16525338994626,1.01023230753255
0,0.358855723093152,1.01023230753255
3,2.39144282168378,1.01023230753255
6,5.79775914488972,1.01023230753255
0,-0.273248106811925,1.01023230753255
11,10.5313002202179,1.01023230753255
8,8.70416728392972,1.01023230753255
3,1.80263649763459,1.01023230753255
0,0.866366132112773,1.01023230753255
8,8.86415248622589,1.01023230753255
3,1.80137764093125,1.01023230753255
0,0.639491997900534,1.01023230753255
0,2.43022665234451,1.01023230753255
4,3.44278451805839,1.01023230753255
3,3.84490424140807,1.01023230753255
1,0.217798154380597,1.01023230753255
0,1.1107114182028,1.01023230753255
1,1.24982471992656,1.01023230753255
1,2.65191539162316,1.01023230753255
2,0.541029271463084,1.01023230753255
6,5.94870211387464,1.01023230753255
0,-0.526925176125598,1.01023230753255
1,0.802735130923701,1.01023230753255
0,-0.629578742686005,1.01023230753255
8,7.166156419465,1.01023230753255
6,6.57872237461645,1.01023230753255
3,1.91241928592307,1.01023230753255
5,6.48403093155628,1.01023230753255
0,-1.18620658531375,1.01023230753255
11,11.1010791513953,1.01023230753255
7,7.53298928682648,1.01023230753255
1,1.58673533909263,1.01023230753255
0,-0.30174666386638,1.01023230753255
10,10.0795019953284,1.01023230753255
3,3.96126415180968,1.01023230753255
8,6.54353408292357,1.01023230753255
1,0.218260288467918,1.01023230753255
2,2.32040231431661,1.01023230753255
17,16.555218021663,1.01023230753255
4,5.370003993971,1.01023230753255
31,31.6732538633548,1.01023230753255
0,0.0721667524147558,1.01023230753255
12,10.4922426824633,1.01023230753255
3,3.02610022532624,1.01023230753255
1,0.683584131803007,1.01023230753255
9,8.8976534864794,1.01023230753255
2,0.818440772944315,1.01023230753255
3,3.49865804382992,1.01023230753255
1,-0.038956440307033,1.01023230753255
2,1.77377801855759,1.01023230753255
3,3.38142582945135,1.01023230753255
4,3.21648421098695,1.01023230753255
2,2.58299140568006,1.01023230753255
1,-0.316510401651693,1.01023230753255
4,1.19022532103946,1.01023230753255
2,2.46496799078585,1.01023230753255
1,1.840539826961,1.01023230753255
3,2.71415457640862,1.01023230753255
3,3.50412625459161,1.01023230753255
2,0.844083474916328,1.01023230753255
1,0.872851393174338,1.01023230753255
10,8.05848162395938,1.01023230753255
3,4.18118089143852,1.01023230753255
1,2.85991086154316,1.01023230753255
0,1.07401226028199,1.01023230753255
1,0.972653033586258,1.01023230753255
0,-0.0333303422759193,1.01023230753255
7,5.4839323768489,1.01023230753255
1,1.79038534388823,1.01023230753255
7,6.78926581930822,1.01023230753255
1,0.343257074638925,1.01023230753255
1,-0.412025792658309,1.01023230753255
3,2.70023750335373,1.01023230753255
1,0.150938864983292,1.01023230753255
0,-0.397030520327837,1.01023230753255
0,-1.2175999877636,1.01023230753255
3,4.6875894829457,1.01023230753255
4,3.98399747279203,1.01023230753255
3,4.07494507727239,1.01023230753255
28,25.3983003297423,1.01023230753255
1,0.546802170005163,1.01023230753255
11,10.3245177084079,1.01023230753255
6,4.77707382063409,1.01023230753255
3,4.54660915422409,1.01023230753255
5,3.58471808023051,1.01023230753255
4,4.31839026040802,1.01023230753255
1,1.84643628557969,1.01023230753255
0,0.178190188418023,1.01023230753255
16,15.1247445225045,1.01023230753255
11,11.9411658067242,1.01023230753255
5,5.17058808184084,1.01023230753255
0,-1.06349790638204,1.01023230753255
5,3.61195095239794,1.01023230753255
2,4.08671743449315,1.01023230753255
4,3.32149685458156,1.01023230753255
1,-0.85557165391804,1.01023230753255
2,2.53325936275365,1.01023230753255
11,11.3102302560609,1.01023230753255
3,1.6461656642774,1.01023230753255
6,4.05704358641805,1.01023230753255
3,2.88369748284139,1.01023230753255
8,9.13939629170942,1.01023230753255
7,7.63612403518215,1.01023230753255
0,-0.492937424161977,1.01023230753255
0,-0.834188231584378,1.01023230753255
1,1.27106675675055,1.01023230753255
3,3.15735334721616,1.01023230753255
3,3.62971174669273,1.01023230753255
10,9.6042020497111,1.01023230753255
3,3.8993540532031,1.01023230753255
8,7.16918847266375,1.01023230753255
11,10.66945529988,1.01023230753255
0,0.740814523725905,1.01023230753255
1,1.98997160862711,1.01023230753255
3,1.06149529854662,1.01023230753255
11,11.1071904070162,1.01023230753255
5,5.60877901173463,1.01023230753255
4,2.54917568650937,1.01023230753255
3,3.48062559987522,1.01023230753255
6,5.1718257296032,1.01023230753255
8,9.02025301216443,1.01023230753255
0,0.538482032102641,1.01023230753255
1,1.76905229499561,1.01023230753255
7,7.12071932928703,1.01023230753255
2,2.86364843415775,1.01023230753255
0,1.38051452831454,1.01023230753255
2,3.96624801545563,1.01023230753255
1,0.971604945250935,1.01023230753255
7,4.7509489096676,1.01023230753255
2,2.03152600459399,1.01023230753255
0,0.205561208449975,1.01023230753255
13,12.8446546528556,1.01023230753255
6,6.56828862077707,1.01023230753255
2,3.01067796451427,1.01023230753255
12,11.4820175698322,1.01023230753255
3,2.70590467284389,1.01023230753255
1,1.39784220880034,1.01023230753255
3,2.44977625851086,1.01023230753255
1,1.09126738348824,1.01023230753255
0,-1.9617075988853,1.01023230753255
3,1.88010027860238,1.01023230753255
0,-1.32775547560413,1.01023230753255
8,7.14637630327276,1.01023230753255
2,1.30669547206933,1.01023230753255
3,3.38230514254637,1.01023230753255
2,2.98211300252264,1.01023230753255
7,6.27261647091246,1.01023230753255
0,-0.996838982378005,1.01023230753255
2,0.95831114101049,1.01023230753255
5,4.58541127363633,1.01023230753255
0,-0.239029068152564,1.01023230753255
24,24.4836175338383,1.01023230753255
9,8.67867515783161,1.01023230753255
5,2.92151073113998,1.01023230753255
1,0.908565724449862,1.01023230753255
2,3.18718681065156,1.01023230753255
9,10.1916012685103,1.01023230753255
17,16.2110367818888,1.01023230753255
2,0.452223456362429,1.01023230753255
3,5.45806049186527,1.01023230753255
6,5.83757805752058,1.01023230753255
16,15.9025487498944,1.01023230753255
0,0.420574188698147,1.01023230753255
2,0.385960543380881,1.01023230753255
10,9.27178088880871,1.01023230753255
3,1.45955759470999,1.01023230753255
4,3.3069053859894,1.01023230753255
1,1.11884943300456,1.01023230753255
0,-1.36470945798691,1.01023230753255
13,13.5899826793673,1.01023230753255
0,0.289344028817336,1.01023230753255
6,5.09578497437936,1.01023230753255
12,12.2263249423811,1.01023230753255
1,1.74808116249384,1.01023230753255
1,2.06109525326174,1.01023230753255
1,0.787151721353472,1.01023230753255
6,5.90636320608895,1.01023230753255
3,2.91328586501808,1.01023230753255
0,1.44146175605504,1.01023230753255
12,13.125071892278,1.01023230753255
7,7.83440156775704,1.01023230753255
31,30.7126592001593,1.01023230753255
7,7.37324143416641,1.01023230753255
1,1.4032903312207,1.01023230753255
11,9.95832670571068,1.01023230753255
3,1.27169548467926,1.01023230753255
0,0.641830027651616,1.01023230753255
0,-1.52931053118042,1.01023230753255
1,1.00168368848421,1.01023230753255
2,2.25024782134833,1.01023230753255
3,3.56386739030588,1.01023230753255
7,7.18942623751481,1.01023230753255
6,5.26714619370287,1.01023230753255
6,6.98636585989546,1.01023230753255
4,5.73863376690625,1.01023230753255
10,10.8811788089254,1.01023230753255
2,0.0563490986760244,1.01023230753255
5,6.39957618540294,1.01023230753255
9,8.94394405381373,1.01023230753255
5,5.52491427931929,1.01023230753255
8,8.62203323587106,1.01023230753255
3,2.90331392679329,1.01023230753255
0,-0.0752631976487263,1.01023230753255
2,3.0191570693309,1.01023230753255
11,11.7116019224862,1.01023230753255
11,11.9902622460442,1.01023230753255
10,12.3829266952303,1.01023230753255
6,6.66441586369409,1.01023230753255
0,0.207381157385307,1.01023230753255
2,-0.210633110575621,1.01023230753255
0,2.69171400324612,1.01023230753255
11,10.5173231782037,1.01023230753255
11,13.3747347150954,1.01023230753255
4,4.37464356800499,1.01023230753255
0,1.53843019889679,1.01023230753255
4,3.89028967882376,1.01023230753255
5,5.51147075469813,1.01023230753255
2,2.21395797964226,1.01023230753255
0,-0.186120699373496,1.01023230753255
2,1.87960617537751,1.01023230753255
6,7.01283433584425,1.01023230753255
3,2.7985418530285,1.01023230753255
14,11.9623175055592,1.01023230753255
6,5.80411075117017,1.01023230753255
0,0.539790605536274,1.01023230753255
0,0.61645571635144,1.01023230753255
4,4.61656781747743,1.01023230753255
4,2.30789847913092,1.01023230753255
5,5.36874205801119,1.01023230753255
3,3.96785920994706,1.01023230753255
0,1.27657868146766,1.01023230753255
5,4.77503872895588,1.01023230753255
0,-0.321892586182801,1.01023230753255
21,22.487837831878,1.01023230753255
9,7.33207195422068,1.01023230753255
16,15.5631700230869,1.01023230753255
0,0.457462079357455,1.01023230753255
0,-1.61777376538123,1.01023230753255
7,7.27962786243176,1.01023230753255
7,8.87786402105219,1.01023230753255
7,6.99593934656366,1.01023230753255
4,3.72154597503641,1.01023230753255
8,8.47491171403405,1.01023230753255
5,4.72092782921269,1.01023230753255
6,6.81340037407906,1.01023230753255
3,3.9044354644497,1.01023230753255
5,5.00269166123012,1.01023230753255
0,-1.17669215774973,1.01023230753255
3,1.68177927254091,1.01023230753255
4,3.40700263434468,1.01023230753255
1,1.79738050054984,1.01023230753255
2,0.0417948253430749,1.01023230753255
1,-0.886325158732546,1.01023230753255
2,1.3462201752399,1.01023230753255
1,1.39439484798058,1.01023230753255
9,8.08643395183501,1.01023230753255
6,6.88674903709606,1.01023230753255
7,7.33336997015518,1.01023230753255
2,1.82936038176139,1.01023230753255
3,3.81882813653178,1.01023230753255
0,0.388365162819368,1.01023230753255
0,-0.445935027212156,1.01023230753255
12,12.2311149344182,1.01023230753255
10,10.6475133579776,1.01023230753255
2,2.35628334486205,1.01023230753255
5,4.34198979205052,1.01023230753255
1,1.85520220506419,1.01023230753255
0,1.15293622555862,1.01023230753255
8,8.27627455654334,1.01023230753255
6,6.14410466246219,1.01023230753255
6,5.92437491922016,1.01023230753255
0,2.16141584630279,1.01023230753255
23,23.2763155321358,1.01023230753255
0,-0.158294028699944,1.01023230753255
7,4.49208219780275,1.01023230753255
1,-0.565281765030533,1.01023230753255
5,4.92232679938944,1.01023230753255
1,1.2062940448431,1.01023230753255
2,2.27687245886161,1.01023230753255
9,9.82150678044862,1.01023230753255
0,-0.194152409320457,1.01023230753255
0,1.21458879448256,1.01023230753255
5,4.07848395713042,1.01023230753255
14,12.7915572795569,1.01023230753255
0,-1.22898617755381,1.01023230753255
15,15.7422970241865,1.01023230753255
0,-0.082919942339226,1.01023230753255
5,5.7898179218205,1.01023230753255
1,0.732293578442915,1.01023230753255
1,0.408107897787187,1.01023230753255
2,1.63164742487349,1.01023230753255
3,1.14738317575827,1.01023230753255
6,4.83038473958589,1.01023230753255
3,1.55796535364155,1.01023230753255
19,20.0543222719753,1.01023230753255
1,0.4026699086372,1.01023230753255
0,0.78945985279018,1.01023230753255
2,3.51649060169196,1.01023230753255
0,-0.191774809109942,1.01023230753255
1,1.28387890635235,1.01023230753255
2,0.248932480603921,1.01023230753255
4,3.1813302224802,1.01023230753255
0,0.0562148493828386,1.01023230753255
2,2.29908690333615,1.01023230753255
0,-0.759398117298882,1.01023230753255
5,7.6848589992268,1.01023230753255
3,2.54160986090761,1.01023230753255
1,1.06424355663004,1.01023230753255
6,6.64979186715352,1.01023230753255
5,4.973981365226,1.01023230753255
8,7.35643261297289,1.01023230753255
6,7.0453056639633,1.01023230753255
4,5.6155453232072,1.01023230753255
9,8.97030602895016,1.01023230753255
3,3.56226734540307,1.01023230753255
1,0.90258750149737,1.01023230753255
5,6.01645521770216,1.01023230753255
0,-1.15616739425985,1.01023230753255
0,2.32086022399448,1.01023230753255
2,1.39646875221166,1.01023230753255
2,0.541150585561908,1.01023230753255
11,10.6490821728069,1.01023230753255
0,0.146708484145002,1.01023230753255
0,1.62362120768023,1.01023230753255
19,19.9112096767713,1.01023230753255
9,9.14245843204579,1.01023230753255
1,-0.38948352398816,1.01023230753255
12,11.1339622553279,1.01023230753255
2,1.83671506777071,1.01023230753255
7,9.55302611346059,1.01023230753255
7,5.13977242578158,1.01023230753255
17,18.131054651846,1.01023230753255
10,9.47276574276608,1.01023230753255
13,14.6659908999874,1.01023230753255
7,5.8607993600266,1.01023230753255
2,2.14362323466275,1.01023230753255
8,6.90044905829725,1.01023230753255
5,5.90351642636167,1.01023230753255
12,13.4837794887381,1.01023230753255
5,6.95072100640115,1.01023230753255
0,0.797600657589519,1.01023230753255
0,1.84326625457782,1.01023230753255
2,3.24642390866165,1.01023230753255
0,-0.131874911824015,1.01023230753255
0,0.4770372382847,1.01023230753255
4,3.02800578852407,1.01023230753255
13,12.814797830599,1.01023230753255
2,3.22096370834882,1.01023230753255
3,3.54128414348235,1.01023230753255
3,3.45735733162533,1.01023230753255
8,6.96186896031279,1.01023230753255
1,0.395486769665883,1.01023230753255
1,0.235393986246431,1.01023230753255
9,9.3952958700135,1.01023230753255
1,0.00949236953344113,1.01023230753255
9,9.56204139009905,1.01023230753255
1,-0.116416411933542,1.01023230753255
0,1.82853045813536,1.01023230753255
3,3.4605913494781,1.01023230753255
5,4.29899638774673,1.01023230753255
2,2.24104593250122,1.01023230753255
3,2.64754680077204,1.01023230753255
9,9.37114795975966,1.01023230753255
0,0.2435327187603,1.01023230753255
12,10.9858858273385,1.01023230753255
0,-0.79131387881947,1.01023230753255
8,8.29959368473956,1.01023230753255
6,7.63905190875156,1.01023230753255
7,8.08461700867092,1.01023230753255
0,-0.624567473618094,1.01023230753255
8,8.82592290164749,1.01023230753255
5,4.95143164724371,1.01023230753255
4,4.3013136517184,1.01023230753255
13,13.2603614907366,1.01023230753255
0,2.57544976372339,1.01023230753255
11,9.81471118941278,1.01023230753255
0,0.100919859012857,1.01023230753255
4,2.22002271203238,1.01023230753255
6,6.58983592295876,1.01023230753255
13,14.0966084717214,1.01023230753255
16,17.4456622411012,1.01023230753255
2,0.0748547481628792,1.01023230753255
1,1.41276949719403,1.01023230753255
0,1.59336995138365,1.01023230753255
2,1.5859841369577,1.01023230753255
0,-0.212150532081949,1.01023230753255
4,3.96346277779526,1.01023230753255
2,2.36501875143304,1.01023230753255
3,3.66515987574597,1.01023230753255
1,2.31782088371148,1.01023230753255
3,2.90451240955501,1.01023230753255
6,6.19627804547247,1.01023230753255
8,10.4879978772215,1.01023230753255
6,6.43109892811499,1.01023230753255
1,1.18875310932983,1.01023230753255
4,2.65775687471655,1.01023230753255
4,4.00285604762223,1.01023230753255
5,4.77867384683312,1.01023230753255
6,5.98895417019063,1.01023230753255
0,-0.575417641271167,1.01023230753255
6,5.3131843475573,1.01023230753255
9,8.27922636817988,1.01023230753255
11,10.7854954846002,1.01023230753255
18,19.3681326480286,1.01023230753255
6,7.04908662655933,1.01023230753255
6,5.64002488205694,1.01023230753255
0,-1.68591645453874,1.01023230753255
1,0.155416571464046,1.01023230753255
0,-0.457760533240508,1.01023230753255
3,3.1036380042283,1.01023230753255
3,2.33739272429919,1.01023230753255
0,2.00668069083189,1.01023230753255
36,35.7277324655816,1.01023230753255
18,16.7860555297605,1.01023230753255
7,6.85873824271749,1.01023230753255
2,0.994622418406586,1.01023230753255
3,3.15615570727533,1.01023230753255
5,5.23363361408987,1.01023230753255
4,4.35558761162838,1.01023230753255
1,-0.621858259124215,1.01023230753255
2,2.22071129097065,1.01023230753255
0,0.310450080541646,1.01023230753255
0,-1.42110844750449,1.01023230753255
4,4.95536563973041,1.01023230753255
2,2.78417087909434,1.01023230753255
3,5.29961936115444,1.01023230753255
0,0.156702987375728,1.01023230753255
8,8.046733527518,1.01023230753255
8,8.09658583408244,1.01023230753255
2,2.0697662309003,1.01023230753255
1,-0.848472775337667,1.01023230753255
7,5.32887294135776,1.01023230753255
9,8.9224610332088,1.01023230753255
5,4.4189326194335,1.01023230753255
15,15.0547365250574,1.01023230753255
6,3.88879162673947,1.01023230753255
2,0.501301745473242,1.01023230753255
9,7.89851656106126,1.01023230753255
5,5.98605822106025,1.01023230753255
0,-1.09849000709012,1.01023230753255
5,4.20048604642347,1.01023230753255
11,11.0798738186741,1.01023230753255
5,4.67725363817489,1.01023230753255
7,7.14641717866796,1.01023230753255
4,6.30506198204569,1.01023230753255
4,2.87539632874176,1.01023230753255
9,8.6945303600902,1.01023230753255
0,-0.516759449743733,1.01023230753255
12,13.5123954268325,1.01023230753255
2,1.23051507710972,1.01023230753255
2,1.91791309622428,1.01023230753255
2,2.78713361432271,1.01023230753255
8,6.9414094640516,1.01023230753255
3,4.65517581574201,1.01023230753255
1,1.67576241547425,1.01023230753255
15,13.9257933904696,1.01023230753255
3,3.45457780905774,1.01023230753255
4,3.78669285676693,1.01023230753255
15,15.3132287719943,1.01023230753255
1,0.910024802984337,1.01023230753255
14,15.0705160367783,1.01023230753255
7,5.64889961429667,1.01023230753255
18,17.4773833028041,1.01023230753255
6,5.7508093222446,1.01023230753255
0,-0.995798724851333,1.01023230753255
3,1.96004495623381,1.01023230753255
9,8.98201975942334,1.01023230753255
7,6.86782486714327,1.01023230753255
9,6.45065722524957,1.01023230753255
4,5.04057345571938,1.01023230753255
0,0.24972573598519,1.01023230753255
9,11.4162073731483,1.01023230753255
11,11.6851982380511,1.01023230753255
6,5.55304069103801,1.01023230753255
14,16.7973911469581,1.01023230753255
1,3.83222602391551,1.01023230753255
13,11.7812881837098,1.01023230753255
1,1.46903195595542,1.01023230753255
3,2.78875308136785,1.01023230753255
13,13.187051146554,1.01023230753255
10,10.2275427285688,1.01023230753255
7,5.73809953713095,1.01023230753255
0,0.285589580242562,1.01023230753255
1,2.7492473631418,1.01023230753255
1,0.835909995865197,1.01023230753255
4,3.83707328930155,1.01023230753255
6,7.39857200633747,1.01023230753255
5,5.89839624068295,1.01023230753255
6,4.35150518161872,1.01023230753255
2,2.22855697326219,1.01023230753255
13,14.6535472346777,1.01023230753255
1,2.41527634991914,1.01023230753255
4,4.41995160381423,1.01023230753255
0,0.721220807112894,1.01023230753255
4,2.80306478781132,1.01023230753255
0,0.300131566881373,1.01023230753255
0,-0.954448935187822,1.01023230753255
2,1.54198193190306,1.01023230753255
0,0.935603683779603,1.01023230753255
8,6.86310688830886,1.01023230753255
1,1.26691825087306,1.01023230753255
3,3.42833203947154,1.01023230753255
2,2.05491196983963,1.01023230753255
3,4.82218882183542,1.01023230753255
9,7.97765267142475,1.01023230753255
8,8.6061302614356,1.01023230753255
15,14.9110694325493,1.01023230753255
1,0.739167756166076,1.01023230753255
24,24.4640912338524,1.01023230753255
1,-0.0204005906839304,1.01023230753255
2,0.686549083481595,1.01023230753255
2,1.50551912451658,1.01023230753255
8,9.75175714975545,1.01023230753255
6,6.05576477461252,1.01023230753255
13,13.3314343982279,1.01023230753255
2,1.81015336232246,1.01023230753255
3,3.47049273195383,1.01023230753255
3,2.04832045698285,1.01023230753255
0,1.15791046656864,1.01023230753255
3,3.58470526024135,1.01023230753255
0,-0.806452822691705,1.01023230753255
3,3.05455324581199,1.01023230753255
3,3.71633161949912,1.01023230753255
2,2.5577309820546,1.01023230753255
5,6.48193401587688,1.01023230753255
1,0.38701224510515,1.01023230753255
1,2.11613661549039,1.01023230753255
2,3.03654800994122,1.01023230753255
3,2.83751686809715,1.01023230753255
6,5.02407330717811,1.01023230753255
3,1.91085480911548,1.01023230753255
5,5.45778695794497,1.01023230753255
0,-0.0711267337208945,1.01023230753255
2,3.77910266685145,1.01023230753255
16,16.5351379604962,1.01023230753255
0,-0.371944875163495,1.01023230753255
0,-1.02554224849711,1.01023230753255
10,9.41759832539475,1.01023230753255
8,8.34288839289733,1.01023230753255
0,-0.450934647056651,1.01023230753255
12,12.5142301202307,1.01023230753255
0,-0.334338052169782,1.01023230753255
3,2.89444009120552,1.01023230753255
0,-0.730509672807828,1.01023230753255
14,15.9050435849087,1.01023230753255
3,3.33262173147039,1.01023230753255
1,1.23063364049945,1.01023230753255
6,4.30813758511593,1.01023230753255
11,11.6597918995493,1.01023230753255
2,0.976376411120288,1.01023230753255
12,11.1084784256457,1.01023230753255
8,8.91834117102165,1.01023230753255
0,-0.45270064650823,1.01023230753255
4,2.25162771999682,1.01023230753255
0,1.76990410988936,1.01023230753255
1,-1.37740692539252,1.01023230753255
0,0.572811529859585,1.01023230753255
4,5.01724924908461,1.01023230753255
4,3.36903213333947,1.01023230753255
2,2.44428705141155,1.01023230753255
0,0.439130388388555,1.01023230753255
0,1.04062315291451,1.01023230753255
1,1.48409938795252,1.01023230753255
4,3.75511622090748,1.01023230753255
2,2.91599205794021,1.01023230753255
3,3.80062235650977,1.01023230753255
3,2.06343096586421,1.01023230753255
6,4.59921256600427,1.01023230753255
0,0.160277539993178,1.01023230753255
7,6.72603762522482,1.01023230753255
6,5.0144608874377,1.01023230753255
14,14.083930679515,1.01023230753255
1,-0.319996526486906,1.01023230753255
6,6.1612263513262,1.01023230753255
2,1.37507161245808,1.01023230753255
1,1.95716427419248,1.01023230753255
13,15.4244891411615,1.01023230753255
8,7.08402075631321,1.01023230753255
3,4.05766417094298,1.01023230753255
6,6.82514972776828,1.01023230753255
0,-0.0701942243053587,1.01023230753255
6,5.54635362594299,1.01023230753255
5,6.57530770683749,1.01023230753255
3,0.994542181763753,1.01023230753255
1,0.356805208406337,1.01023230753255
1,-0.436843443657776,1.01023230753255
5,6.39531343894608,1.01023230753255
8,7.80929656735514,1.01023230753255
17,16.4753288005303,1.01023230753255
0,3.18404447406633,1.01023230753255
14,13.9499627321124,1.01023230753255
3,2.55625068813348,1.01023230753255
3,3.29986525013614,1.01023230753255
7,5.43157537924503,1.01023230753255
13,13.4903026426721,1.01023230753255
12,11.90383679892,1.01023230753255
19,19.4685251225301,1.01023230753255
11,10.0176293640621,1.01023230753255
16,14.9770161578521,1.01023230753255
0,-0.693414663276185,1.01023230753255
0,-0.767989573092782,1.01023230753255
8,9.29904996668359,1.01023230753255
0,1.57914556180809,1.01023230753255
0,-0.156891953039067,1.01023230753255
4,3.64106343941532,1.01023230753255
14,13.6709611695783,1.01023230753255
0,0.0692364778530165,1.01023230753255
4,4.09690423370105,1.01023230753255
3,3.29003438776557,1.01023230753255
4,3.25332105895374,1.01023230753255
4,3.15310361117968,1.01023230753255
2,3.19707766374608,1.01023230753255
0,-0.548627361103323,1.01023230753255
2,2.30304569522545,1.01023230753255
1,0.943029466196668,1.01023230753255
4,3.04215060784933,1.01023230753255
2,2.59106190941151,1.01023230753255
3,3.17310487349295,1.01023230753255
1,2.39978335621251,1.01023230753255
0,0.117459584626988,1.01023230753255
0,-0.331545758200853,1.01023230753255
28,28.2782949133054,1.01023230753255
10,8.81440835096466,1.01023230753255
4,3.1641059466064,1.01023230753255
0,0.510273251139431,1.01023230753255
3,2.66687909877605,1.01023230753255
5,4.93403905364754,1.01023230753255
0,-0.11522170942195,1.01023230753255
7,6.34948738122547,1.01023230753255
0,-2.01868865908242,1.01023230753255
8,8.34883497017659,1.01023230753255
1,1.76163950764686,1.01023230753255
1,-0.288716235350125,1.01023230753255
11,12.4824027184586,1.01023230753255
9,9.38515482368723,1.01023230753255
1,2.34164029499387,1.01023230753255
1,0.0428295287577116,1.01023230753255
5,5.16678128835425,1.01023230753255
6,5.89998604106119,1.01023230753255
0,0.768507431881776,1.01023230753255
1,0.424140432087307,1.01023230753255
1,0.989902328047539,1.01023230753255
0,-1.77865914874394,1.01023230753255
5,4.2223785571295,1.01023230753255
2,2.12503388366511,1.01023230753255
9,8.29367850761178,1.01023230753255
2,1.95643051418852,1.01023230753255
2,1.53207402607478,1.01023230753255
6,6.60693013616149,1.01023230753255
4,5.16848830874956,1.01023230753255
8,7.17749858719248,1.01023230753255
2,1.69296344140527,1.01023230753255
1,2.43976125836974,1.01023230753255
5,2.80107674581629,1.01023230753255
0,-0.319837791740735,1.01023230753255
1,3.06470428414334,1.01023230753255
8,10.1935900690643,1.01023230753255
3,3.15659532335015,1.01023230753255
0,-0.863608950613638,1.01023230753255
6,6.16545741949044,1.01023230753255
6,5.34722560405298,1.01023230753255
21,22.4528172822915,1.01023230753255
3,2.19351734429695,1.01023230753255
9,9.37291159520875,1.01023230753255
1,1.61985007456869,1.01023230753255
2,1.24248983930415,1.01023230753255
5,5.85152468150618,1.01023230753255
5,4.25207002908369,1.01023230753255
1,1.63023982965398,1.01023230753255
25,26.0966616331036,1.01023230753255
4,3.01155707761679,1.01023230753255
0,1.1079950409796,1.01023230753255
0,-0.489532871212412,1.01023230753255
5,5.29435338843697,1.01023230753255
0,0.20183747228877,1.01023230753255
0,-0.427196386338202,1.01023230753255
1,1.26810286999778,1.01023230753255
1,-0.230430925423837,1.01023230753255
12,11.863863127815,1.01023230753255
13,13.8257908316652,1.01023230753255
3,0.825875350770686,1.01023230753255
0,-1.48792618735825,1.01023230753255
10,8.83806244240303,1.01023230753255
11,9.41091030585457,1.01023230753255
0,0.419583039296359,1.01023230753255
0,-0.992928349756011,1.01023230753255
10,7.83545291467103,1.01023230753255
4,3.36243123491955,1.01023230753255
1,0.609364748525194,1.01023230753255
3,3.85678547377811,1.01023230753255
1,-0.103752135998829,1.01023230753255
7,8.1612892557387,1.01023230753255
7,7.3983627156286,1.01023230753255
1,1.36235215763554,1.01023230753255
4,3.1474743296855,1.01023230753255
3,4.95366787989804,1.01023230753255
1,0.835729167902845,1.01023230753255
0,-1.82489758417833,1.01023230753255
0,-0.203856471392496,1.01023230753255
5,3.06555592926795,1.01023230753255
12,11.6894898842133,1.01023230753255
3,2.57777299681038,1.01023230753255
2,2.68182969040341,1.01023230753255
3,4.00949618573749,1.01023230753255
1,0.273895035098845,1.01023230753255
7,7.80610886837503,1.01023230753255
0,1.42432310966876,1.01023230753255
0,-0.784144004842646,1.01023230753255
6,5.34759563350067,1.01023230753255
5,5.65077836315368,1.01023230753255
5,5.18304796994394,1.01023230753255
0,0.548774960444283,1.01023230753255
14,15.4046842945476,1.01023230753255
9,9.3870831195764,1.01023230753255
3,4.05170127017537,1.01023230753255
2,2.62290546233719,1.01023230753255
12,12.4336203898089,1.01023230753255
2,2.38608443818441,1.01023230753255
8,9.29132330445808,1.01023230753255
0,-1.00225987371065,1.01023230753255
10,8.89481727084251,1.01023230753255
1,1.59194600339721,1.01023230753255
2,1.88031033586689,1.01023230753255
0,0.0740052116849605,1.01023230753255
9,9.7412773771714,1.01023230753255
0,0.753295047849076,1.01023230753255
0,-0.262670503361778,1.01023230753255
0,-0.312543868997102,1.01023230753255
0,0.0735986090078693,1.01023230753255
2,3.06301778929474,1.01023230753255
3,3.426020486679,1.01023230753255
2,3.43300751082319,1.01023230753255
2,1.99236312958003,1.01023230753255
1,2.12566760522075,1.01023230753255
1,1.88300231101725,1.01023230753255
13,13.6120834609001,1.01023230753255
2,2.41470070677846,1.01023230753255
7,6.72011760285748,1.01023230753255
14,13.8909624908308,1.01023230753255
7,7.22939549570847,1.01023230753255
0,0.0488888906792862,1.01023230753255
5,5.94322446838622,1.01023230753255
4,3.89068287681357,1.01023230753255
2,1.92962307841217,1.01023230753255
1,0.515680912434335,1.01023230753255
1,0.861663671456672,1.01023230753255
9,8.93123435769616,1.01023230753255
1,-1.31373577389942,1.01023230753255
7,5.63516830278568,1.01023230753255
8,7.92751309004804,1.01023230753255
5,4.7347162251355,1.01023230753255
5,3.79913067179256,1.01023230753255
2,0.00846182395698114,1.01023230753255
9,8.64563078008657,1.01023230753255
0,0.653495765694276,1.01023230753255
10,11.7732386319276,1.01023230753255
5,4.96154320629066,1.01023230753255
3,4.49318484062772,1.01023230753255
1,1.08302215763597,1.01023230753255
5,5.11553210425956,1.01023230753255
1,1.32482531334875,1.01023230753255
1,0.129422754739081,1.01023230753255
7,6.94828178710512,1.01023230753255
4,4.90844769879225,1.01023230753255
3,2.25027421314781,1.01023230753255
4,3.67839393011204,1.01023230753255
10,8.85222924954074,1.01023230753255
1,1.35435219644935,1.01023230753255
4,4.42479978238902,1.01023230753255
2,2.64834735122408,1.01023230753255
0,-1.2198100315169,1.01023230753255
0,0.107235034754764,1.01023230753255
0,-0.944057691649846,1.01023230753255
0,-0.000384648716023502,1.01023230753255
3,4.34262392000608,1.01023230753255
6,5.49647471306572,1.01023230753255
4,4.71668332093883,1.01023230753255
0,-0.749668584083695,1.01023230753255
8,7.52147178954969,1.01023230753255
4,4.43872175058662,1.01023230753255
1,0.320887729542132,1.01023230753255
1,-0.702964835145435,1.01023230753255
0,1.26516843521333,1.01023230753255
10,10.3603572378798,1.01023230753255
2,1.41636055943991,1.01023230753255
10,8.0059212126694,1.01023230753255
2,3.9022097713993,1.01023230753255
4,7.39037082127154,1.01023230753255
6,6.20748040735546,1.01023230753255
0,0.849806647511189,1.01023230753255
30,31.2245603120742,1.01023230753255
0,-0.701804433538609,1.01023230753255
7,6.64880377044346,1.01023230753255
2,0.272878963354804,1.01023230753255
2,1.26342176772813,1.01023230753255
10,10.6224097828861,1.01023230753255
3,2.70928401075913,1.01023230753255
3,2.78578846581692,1.01023230753255
1,0.887440448497484,1.01023230753255
2,0.136333017504395,1.01023230753255
7,7.83762993423167,1.01023230753255
5,3.55650711106458,1.01023230753255
6,5.79142983758435,1.01023230753255
1,0.56143653794117,1.01023230753255
0,-0.218593816856198,1.01023230753255
5,6.45996594473579,1.01023230753255
0,-0.582059917915369,1.01023230753255
0,-0.783097595711896,1.01023230753255
4,2.48034600505615,1.01023230753255
1,0.194301918388751,1.01023230753255
1,-0.166184707367738,1.01023230753255
0,0.407946196248296,1.01023230753255
14,13.1369957539921,1.01023230753255
2,2.30404203502814,1.01023230753255
1,0.853572512152079,1.01023230753255
3,1.5664378200892,1.01023230753255
4,3.2093922142773,1.01023230753255
3,3.88511245505768,1.01023230753255
6,6.90307608595457,1.01023230753255
1,3.00557327430063,1.01023230753255
12,11.9964196916002,1.01023230753255
17,15.5041731860179,1.01023230753255
2,1.23158297298484,1.01023230753255
1,1.40848850484015,1.01023230753255
6,7.90013633489472,1.01023230753255
2,2.11000912343972,1.01023230753255
11,12.1403868251285,1.01023230753255
4,4.76808130469226,1.01023230753255
15,13.8319083778827,1.01023230753255
1,0.828887347735141,1.01023230753255
5,6.30526153634768,1.01023230753255
17,17.8760961095959,1.01023230753255
7,7.4637961415678,1.01023230753255
5,5.47711424537688,1.01023230753255
14,13.5085946997906,1.01023230753255
2,0.680614686655798,1.01023230753255
4,5.29542579083131,1.01023230753255
3,1.57978050833307,1.01023230753255
4,3.06110408029417,1.01023230753255
2,2.62896499251984,1.01023230753255
3,1.7378054506104,1.01023230753255
3,2.44812958672721,1.01023230753255
0,-1.18279950678248,1.01023230753255
14,14.6206635577289,1.01023230753255
3,3.4463130166381,1.01023230753255
1,1.42188469327369,1.01023230753255
23,23.4424647721456,1.01023230753255
0,0.557245746378939,1.01023230753255
5,5.63935649197052,1.01023230753255
7,5.03133844332578,1.01023230753255
0,-0.148816361359868,1.01023230753255
23,23.1124638125519,1.01023230753255
4,4.72467620264776,1.01023230753255
7,5.81251392399471,1.01023230753255
23,22.5003998101841,1.01023230753255
4,2.92635700924884,1.01023230753255
0,1.05724021270968,1.01023230753255
2,3.27907258320933,1.01023230753255
2,2.78767672535923,1.01023230753255
0,-1.22240338257699,1.01023230753255
0,0.451952116736654,1.01023230753255
4,5.15044918638092,1.01023230753255
6,6.16794098073646,1.01023230753255
0,-0.56610933289597,1.01023230753255
1,-0.0861182406113501,1.01023230753255
3,2.33469720443984,1.01023230753255
12,12.7148483559493,1.01023230753255
2,1.56833889961807,1.01023230753255
15,15.2276149399401,1.01023230753255
2,3.2949457956703,1.01023230753255
8,8.57833494046946,1.01023230753255
3,4.36467278147354,1.01023230753255
0,-1.70157980266041,1.01023230753255
10,9.71932372028621,1.01023230753255
21,21.0650680194922,1.01023230753255
1,1.57858929160851,1.01023230753255
4,2.83079337847103,1.01023230753255
2,2.80618485544729,1.01023230753255
7,7.30739007616233,1.01023230753255
2,2.26380601360472,1.01023230753255
1,1.50848479160505,1.01023230753255
3,2.88364156012301,1.01023230753255
1,1.92554609849911,1.01023230753255
3,3.64822977373149,1.01023230753255
9,8.8497906258323,1.01023230753255
4,5.0403770193407,1.01023230753255
17,17.2925586849462,1.01023230753255
0,0.668751399439465,1.01023230753255
1,0.405822358375779,1.01023230753255
3,4.58043183698592,1.01023230753255
0,-0.0039889443499837,1.01023230753255
0,0.847842768893476,1.01023230753255
1,0.899883474107309,1.01023230753255
4,3.7203700930194,1.01023230753255
1,1.78443824528001,1.01023230753255
6,4.41538335540883,1.01023230753255
3,3.47836614779403,1.01023230753255
4,4.39356637299481,1.01023230753255
0,-2.69532936912452,1.01023230753255
5,5.36837732853326,1.01023230753255
4,1.83158225265299,1.01023230753255
0,0.65980437689272,1.01023230753255
3,2.54608626661881,1.01023230753255
5,4.30506317476511,1.01023230753255
13,12.9931536968273,1.01023230753255
0,1.37305204498399,1.01023230753255
1,0.364676922782106,1.01023230753255
4,4.55810329394878,1.01023230753255
6,6.34115786842188,1.01023230753255
2,0.820481370858443,1.01023230753255
4,2.25897798266603,1.01023230753255
0,-1.99258577123914,1.01023230753255
0,0.551274211467889,1.01023230753255
5,4.9652579384687,1.01023230753255
2,3.85057170361062,1.01023230753255
1,1.57367510826304,1.01023230753255
19,19.8496958910826,1.01023230753255
0,1.33438358533495,1.01023230753255
9,8.49928090203503,1.01023230753255
5,5.51009792822849,1.01023230753255
3,3.86879327024415,1.01023230753255
14,15.369351688003,1.01023230753255
0,0.762651146326369,1.01023230753255
2,2.42114717303733,1.01023230753255
0,-0.868224047271223,1.01023230753255
3,3.72956036095769,1.01023230753255
2,2.50026587241829,1.01023230753255
2,2.63425025370691,1.01023230753255
3,3.42364504557226,1.01023230753255
21,20.79816195529,1.01023230753255
0,-0.0768658984340142,1.01023230753255
2,2.68736411328152,1.01023230753255
2,2.17163150692454,1.01023230753255
5,4.16989142567301,1.01023230753255
8,7.70984088019433,1.01023230753255
3,1.68087427582349,1.01023230753255
5,4.03296809733109,1.01023230753255
5,4.85538892986448,1.01023230753255
15,13.2018674436251,1.01023230753255
16,14.3114575254084,1.01023230753255
5,6.10256519943608,1.01023230753255
7,6.42338107578856,1.01023230753255
1,-0.851691729551488,1.01023230753255
13,12.887136760571,1.01023230753255
3,4.32106926722151,1.01023230753255
35,35.6622542969346,1.01023230753255
11,11.4413831983536,1.01023230753255
1,2.18374591227984,1.01023230753255
2,1.22849855889911,1.01023230753255
0,0.729689191352037,1.01023230753255
2,1.41291438422114,1.01023230753255
3,3.00076418636251,1.01023230753255
4,6.21446531934013,1.01023230753255
10,10.9694343957093,1.01023230753255
1,1.76800771371721,1.01023230753255
0,-1.10832791181816,1.01023230753255
2,1.21376408000529,1.01023230753255
19,21.2841164802616,1.01023230753255
2,0.906699236026689,1.01023230753255
16,16.2144793752851,1.01023230753255
4,4.89257105963707,1.01023230753255
8,9.01875797234226,1.01023230753255
3,4.08911201091924,1.01023230753255
10,9.83687101011479,1.01023230753255
1,0.179013302880003,1.01023230753255
8,7.69274276701136,1.01023230753255
12,11.0979019914605,1.01023230753255
2,2.62706874311498,1.01023230753255
11,12.1203550284261,1.01023230753255
0,2.12721355249353,1.01023230753255
1,1.36611438293172,1.01023230753255
21,20.1252186228063,1.01023230753255
0,1.02447486299323,1.01023230753255
1,1.90475889369531,1.01023230753255
2,1.76175130409717,1.01023230753255
7,5.44214509612769,1.01023230753255
18,18.7613098953939,1.01023230753255
1,2.12914439564163,1.01023230753255
0,-0.295107830705934,1.01023230753255
13,13.536242818358,1.01023230753255
10,9.72410952524949,1.01023230753255
7,7.68231524513751,1.01023230753255
13,12.8827092852852,1.01023230753255
4,3.65532413607994,1.01023230753255
6,6.11162049819721,1.01023230753255
9,8.7165946850177,1.01023230753255
3,2.40898283554572,1.01023230753255
14,13.6840630687576,1.01023230753255
4,3.99184784767446,1.01023230753255
6,6.20749514071847,1.01023230753255
4,5.53242362162584,1.01023230753255
11,9.64200216904652,1.01023230753255
0,-0.199619050552942,1.01023230753255
0,0.631523127780826,1.01023230753255
3,4.76202090344287,1.01023230753255
16,16.4260143626155,1.01023230753255
1,0.9862465835246,1.01023230753255
0,-0.307556909596359,1.01023230753255
12,12.4143081641083,1.01023230753255
12,12.9890579201964,1.01023230753255
0,-0.183858310546053,1.01023230753255
2,2.16376140684656,1.01023230753255
3,3.21693634414438,1.01023230753255
11,11.7292776342097,1.01023230753255
9,10.1113804070247,1.01023230753255
7,7.27916081693963,1.01023230753255
0,-0.0761706715471799,1.01023230753255
1,2.39466313220858,1.01023230753255
4,4.16453411760558,1.01023230753255
6,7.57785197879348,1.01023230753255
0,-0.0619226576195498,1.01023230753255
10,10.6139229641937,1.01023230753255
1,-0.546088594245239,1.01023230753255
2,1.88760803866259,1.01023230753255
5,4.97820546003911,1.01023230753255
0,-0.758345417416546,1.01023230753255
0,-1.0358928844223,1.01023230753255
3,3.94815930255181,1.01023230753255
0,0.91415873392772,1.01023230753255
1,-0.29873199484646,1.01023230753255
3,3.42437879493434,1.01023230753255
4,2.88745468004491,1.01023230753255
4,2.94892677381844,1.01023230753255
1,1.52541244826636,1.01023230753255
5,4.31397599990695,1.01023230753255
2,2.99347998212221,1.01023230753255
3,3.03852359907535,1.01023230753255
2,2.53614897578572,1.01023230753255
17,16.4763733021138,1.01023230753255
1,-0.151221334943593,1.01023230753255
13,13.9147522410028,1.01023230753255
0,0.238071491562714,1.01023230753255
4,3.76093224054529,1.01023230753255
10,10.0692353265457,1.01023230753255
17,18.3259083425992,1.01023230753255
1,0.301833365379928,1.01023230753255
5,4.25059155553682,1.01023230753255
6,5.38038494729265,1.01023230753255
5,3.41500873179013,1.01023230753255
4,4.81962813750374,1.01023230753255
0,0.192369646744246,1.01023230753255
5,5.20717197421793,1.01023230753255
0,-0.0433473543476873,1.01023230753255
0,-0.51016044142411,1.01023230753255
3,2.17658138622378,1.01023230753255
0,0.851856403292672,1.01023230753255
0,-1.42618467292015,1.01023230753255
8,8.44029894196541,1.01023230753255
0,-0.792611650757683,1.01023230753255
6,6.28231021454547,1.01023230753255
10,9.25930947780985,1.01023230753255
2,1.47665831731597,1.01023230753255
0,1.76936591702701,1.01023230753255
1,1.66828261893351,1.01023230753255
10,7.85510297572434,1.01023230753255
3,3.12641241610032,1.01023230753255
18,17.5481870637428,1.01023230753255
8,6.86337381222233,1.01023230753255
6,6.20978589043119,1.01023230753255
5,5.12996551601936,1.01023230753255
2,1.67149342743192,1.01023230753255
5,6.97270356733745,1.01023230753255
6,3.75130993318344,1.01023230753255
1,1.83821938727849,1.01023230753255
2,1.71097672953743,1.01023230753255
8,8.65651341057938,1.01023230753255
0,-0.453997700638682,1.01023230753255
0,-0.593864562445098,1.01023230753255
3,1.28962033360537,1.01023230753255
4,3.79055157172726,1.01023230753255
7,9.47874580135709,1.01023230753255
15,15.9897022081294,1.01023230753255
1,2.67557215582683,1.01023230753255
2,2.91496531831404,1.01023230753255
3,4.14426270796186,1.01023230753255
4,4.90287641449911,1.01023230753255
22,22.4753924317651,1.01023230753255
3,2.41747122600299,1.01023230753255
1,0.467065262676524,1.01023230753255
1,-0.600839996375288,1.01023230753255
14,13.99418228612,1.01023230753255
19,19.8993556758567,1.01023230753255
2,3.03192255652607,1.01023230753255
4,4.09513270445542,1.01023230753255
0,-0.547627617221911,1.01023230753255
3,6.29051744331853,1.01023230753255
0,0.736685531250424,1.01023230753255
2,3.42057530487914,1.01023230753255
14,13.6623193593327,1.01023230753255
8,7.96204237294541,1.01023230753255
0,0.448607097706726,1.01023230753255
3,4.67652231194829,1.01023230753255
3,2.68852545454387,1.01023230753255
3,3.85361566678307,1.01023230753255
3,0.905185365679771,1.01023230753255
8,7.49274556591837,1.01023230753255
2,0.707990923236686,1.01023230753255
5,6.1133627173571,1.01023230753255
1,0.835546911719743,1.01023230753255
2,1.60962591799326,1.01023230753255
3,4.36909984619857,1.01023230753255
0,1.11627285824002,1.01023230753255
4,3.1019787965325,1.01023230753255
2,2.42786648760965,1.01023230753255
6,4.77155543148775,1.01023230753255
6,5.52438497578882,1.01023230753255
2,3.61657763714695,1.01023230753255
4,5.45012795133044,1.01023230753255
1,2.10901875546684,1.01023230753255
2,1.42909611366968,1.01023230753255
2,0.118568529724446,1.01023230753255
2,0.824301815975842,1.01023230753255
0,0.95255652462752,1.01023230753255
5,4.70943211383491,1.01023230753255
5,2.83739185443202,1.01023230753255
1,0.819812512283538,1.01023230753255
8,9.41023922112458,1.01023230753255
5,5.64346864051953,1.01023230753255
1,0.178741456470578,1.01023230753255
8,6.45408334793498,1.01023230753255
5,4.17345277436321,1.01023230753255
5,5.03452767132152,1.01023230753255
7,7.88807370091206,1.01023230753255
7,5.06005984520974,1.01023230753255
0,1.02320175527412,1.01023230753255
0,0.00545772658802192,1.01023230753255
1,1.56977896960583,1.01023230753255
1,-0.65325556323487,1.01023230753255
15,14.3333456198778,1.01023230753255
0,-0.448234189265524,1.01023230753255
5,6.04389134830903,1.01023230753255
1,2.02817404739542,1.01023230753255
7,7.43509045924834,1.01023230753255
0,1.60421218162388,1.01023230753255
9,8.48458880025463,1.01023230753255
1,2.01253719377392,1.01023230753255
11,10.9640599702093,1.01023230753255
1,0.332657903823591,1.01023230753255
1,1.92338003833084,1.01023230753255
6,7.3811003308495,1.01023230753255
8,8.87825041618485,1.01023230753255
7,6.49059654457774,1.01023230753255
12,11.5302123658449,1.01023230753255
0,1.377675846806,1.01023230753255
0,0.352826406417748,1.01023230753255
0,0.829573979321121,1.01023230753255
7,6.66129801633569,1.01023230753255
0,1.26103493646465,1.01023230753255
5,4.19124485503781,1.01023230753255
10,10.6253515208666,1.01023230753255
3,2.18282503443189,1.01023230753255
1,-1.46257501658577,1.01023230753255
13,11.6570424893203,1.01023230753255
11,11.1362951992102,1.01023230753255
1,1.88292274962583,1.01023230753255
1,-0.751302083094815,1.01023230753255
6,4.74857553108047,1.01023230753255
3,4.76454599657549,1.01023230753255
4,3.56610065017674,1.01023230753255
2,2.5057001319306,1.01023230753255
4,3.47306467862268,1.01023230753255
5,4.7014171148485,1.01023230753255
22,22.0872442066052,1.01023230753255
9,9.01096184279901,1.01023230753255
1,0.807439788957935,1.01023230753255
9,8.53020351485626,1.01023230753255
3,-0.0478608897987236,1.01023230753255
0,1.8686555003337,1.01023230753255
3,4.79042420824304,1.01023230753255
21,19.8989182582808,1.01023230753255
1,0.831892477890032,1.01023230753255
0,1.37527530471249,1.01023230753255
2,2.9982900230522,1.01023230753255
4,5.27660161874577,1.01023230753255
2,0.928253081840204,1.01023230753255
3,5.57726809619797,1.01023230753255
3,1.86654004022967,1.01023230753255
2,2.75391634188329,1.01023230753255
0,0.141275980445689,1.01023230753255
2,1.59628968203797,1.01023230753255
21,20.620584201819,1.01023230753255
1,0.00860318746899702,1.01023230753255
6,7.62265979575681,1.01023230753255
3,3.08951322776275,1.01023230753255
7,7.25921794921438,1.01023230753255
13,13.209632833061,1.01023230753255
23,22.6248292469391,1.01023230753255
10,8.86597875524495,1.01023230753255
8,8.25372630968396,1.01023230753255
2,-0.093639449958927,1.01023230753255
9,7.58143305716439,1.01023230753255
2,0.923603305061619,1.01023230753255
13,11.9213211373276,1.01023230753255
5,5.10718881656708,1.01023230753255
1,2.59848754832474,1.01023230753255
0,-1.51532414406497,1.01023230753255
5,5.43367602059661,1.01023230753255
1,1.89954475332104,1.01023230753255
0,-0.989532202288876,1.01023230753255
4,3.94720059847752,1.01023230753255
1,1.82361090262206,1.01023230753255
0,-0.255509102547389,1.01023230753255
1,0.779315652748787,1.01023230753255
2,2.30772679121062,1.01023230753255
7,6.93998674666673,1.01023230753255
15,14.4443471100608,1.01023230753255
0,-0.138615019460891,1.01023230753255
3,4.88283979238647,1.01023230753255
0,0.873668679606028,1.01023230753255
3,2.08540292717238,1.01023230753255
0,-1.24491762233132,1.01023230753255
0,-0.359982240682608,1.01023230753255
0,1.32877470094798,1.01023230753255
3,3.29267911841695,1.01023230753255
2,1.29849476315934,1.01023230753255
2,2.88223456781802,1.01023230753255
0,-0.133370388722892,1.01023230753255
12,10.8793215007086,1.01023230753255
1,1.46119245421179,1.01023230753255
3,4.52414281017881,1.01023230753255
3,3.43446829813283,1.01023230753255
7,7.19200037113893,1.01023230753255
8,7.34375687158294,1.01023230753255
13,13.5683985308695,1.01023230753255
3,1.92942946510961,1.01023230753255
1,-0.653149024480891,1.01023230753255
0,-0.0433527684937541,1.01023230753255
5,4.96540649420096,1.01023230753255
5,7.36505553200281,1.01023230753255
2,0.783652692108101,1.01023230753255
0,0.170906323349044,1.01023230753255
2,2.80505309362219,1.01023230753255
9,10.0505928441159,1.01023230753255
7,6.98927551534068,1.01023230753255
2,1.25674385857075,1.01023230753255
0,-0.0657840518699871,1.01023230753255
10,11.9397559919372,1.01023230753255
5,5.48273900817583,1.01023230753255
6,3.95552292744193,1.01023230753255
10,11.4234591286502,1.01023230753255
0,0.540502660915081,1.01023230753255
3,2.96642822816248,1.01023230753255
2,1.9821363788899,1.01023230753255
17,16.8502102802066,1.01023230753255
1,1.25655948095525,1.01023230753255
8,7.49613306696298,1.01023230753255
5,5.27701125166001,1.01023230753255
8,7.06864397517926,1.01023230753255
12,12.2001468752748,1.01023230753255
6,7.10683742066645,1.01023230753255
0,0.509206113653801,1.01023230753255
3,4.03374967645111,1.01023230753255
1,-0.0908687618026174,1.01023230753255
8,8.0547927844726,1.01023230753255
1,1.61725030272206,1.01023230753255
8,6.93199513226672,1.01023230753255
1,2.56581433705846,1.01023230753255
1,-0.0348080109852615,1.01023230753255
6,6.16451870850584,1.01023230753255
2,2.15183233035508,1.01023230753255
4,4.12167030196685,1.01023230753255
0,-0.210424583643468,1.01023230753255
2,2.4499367871462,1.01023230753255
5,3.96883550810254,1.01023230753255
1,-0.289364188223223,1.01023230753255
0,-0.654568638113246,1.01023230753255
29,28.9426758961522,1.01023230753255
3,4.25674782035705,1.01023230753255
4,5.58745413986454,1.01023230753255
0,0.319481462544746,1.01023230753255
3,3.38159162269315,1.01023230753255
1,0.756355116360555,1.01023230753255
7,7.04805308405303,1.01023230753255
10,8.59545413889821,1.01023230753255
1,1.28993372889576,1.01023230753255
6,5.46444641770626,1.01023230753255
2,2.33467877310055,1.01023230753255
1,0.654018660845498,1.01023230753255
5,4.33838426516355,1.01023230753255
3,2.78088862319795,1.01023230753255
12,11.6330950893663,1.01023230753255
10,11.0945782078424,1.01023230753255
5,5.20920808243713,1.01023230753255
1,1.43249142615322,1.01023230753255
4,2.75914641419922,1.01023230753255
0,1.49682170962802,1.01023230753255
2,2.15937044116076,1.01023230753255
2,1.14371859659675,1.01023230753255
0,0.309046645446821,1.01023230753255
0,0.870434029844877,1.01023230753255
0,-1.38367713830156,1.01023230753255
0,1.69010697003056,1.01023230753255
1,0.841969294821638,1.01023230753255
0,1.12117078064864,1.01023230753255
3,3.07226131908891,1.01023230753255
6,5.66757715543328,1.01023230753255
6,4.16507995337314,1.01023230753255
5,3.89982778141281,1.01023230753255
0,-0.0413402999174309,1.01023230753255
1,1.82785254511714,1.01023230753255
2,0.118321345845428,1.01023230753255
4,5.37544111232424,1.01023230753255
7,8.39899046430298,1.01023230753255
8,6.85668374408906,1.01023230753255
1,1.47230056219311,1.01023230753255
5,3.96636078664579,1.01023230753255
4,3.87480002131172,1.01023230753255
2,2.92866273884668,1.01023230753255
0,0.868339647698771,1.01023230753255
3,2.15082539636652,1.01023230753255
5,4.61336354552443,1.01023230753255
9,8.02383642900283,1.01023230753255
16,16.3395436599049,1.01023230753255
5,3.44092483556623,1.01023230753255
9,6.37067455844864,1.01023230753255
0,1.46981228187286,1.01023230753255
2,4.27347291299472,1.01023230753255
1,0.544966459761172,1.01023230753255
0,0.761102487094892,1.01023230753255
0,-0.00750278370972113,1.01023230753255
4,5.47431379971599,1.01023230753255
1,1.55414393256938,1.01023230753255
0,0.203663965116151,1.01023230753255
2,0.200863548234128,1.01023230753255
0,1.08295568079775,1.01023230753255
7,6.64914638495314,1.01023230753255
2,0.596509915284974,1.01023230753255
0,-0.20179666491333,1.01023230753255
0,-0.126778159792303,1.01023230753255
13,14.0592068726662,1.01023230753255
1,-0.167396032263996,1.01023230753255
3,2.44235637268156,1.01023230753255
2,3.48811992838316,1.01023230753255
5,6.35866576877003,1.01023230753255
9,10.1632145439024,1.01023230753255
0,1.66152394534788,1.01023230753255
2,2.2040309798299,1.01023230753255
0,-0.581883686869775,1.01023230753255
9,9.55520406186342,1.01023230753255
1,2.05872312582593,1.01023230753255
0,2.41363327147105,1.01023230753255
39,37.0350176672888,1.01023230753255
1,1.27323570306682,1.01023230753255
